trade_date,ticker,open,high,low,close,adj_close,volume
2017-01-03,AAPL,28.950000762939453,29.082500457763672,28.690000534057617,29.037500381469727,26.698211669921875,115127600
2017-01-04,AAPL,28.962499618530273,29.127500534057617,28.9375,29.0049991607666,26.66832733154297,84472400
2017-01-05,AAPL,28.979999542236328,29.21500015258789,28.952499389648438,29.15250015258789,26.8039493560791,88774400
2017-01-06,AAPL,29.19499969482422,29.540000915527344,29.11750030517578,29.477500915527344,27.10276222229004,127007600
2017-01-09,AAPL,29.487499237060547,29.857500076293945,29.485000610351562,29.747499465942383,27.351015090942383,134247600
2017-01-10,AAPL,29.6924991607666,29.844999313354492,29.575000762939453,29.77750015258789,27.378597259521484,97848400
2017-01-11,AAPL,29.684999465942383,29.982500076293945,29.649999618530273,29.9375,27.525711059570312,110354400
2017-01-12,AAPL,29.725000381469727,29.825000762939453,29.552499771118164,29.8125,27.410776138305664,108344800
2017-01-13,AAPL,29.77750015258789,29.905000686645508,29.702499389648438,29.760000228881836,27.36250114440918,104447600
2017-01-17,AAPL,29.584999084472656,30.059999465942383,29.55500030517578,30.0,27.583175659179688,137759200
2017-01-18,AAPL,30.0,30.125,29.927499771118164,29.997499465942383,27.580869674682617,94852000
2017-01-19,AAPL,29.850000381469727,30.022499084472656,29.842500686645508,29.94499969482422,27.5325984954834,102389200
2017-01-20,AAPL,30.112499237060547,30.112499237060547,29.9325008392334,30.0,27.583175659179688,130391600
2017-01-23,AAPL,30.0,30.202499389648438,29.9424991607666,30.020000457763672,27.601560592651367,88200800
2017-01-24,AAPL,29.887500762939453,30.024999618530273,29.875,29.99250030517578,27.576271057128906,92844000
2017-01-25,AAPL,30.104999542236328,30.524999618530273,30.06999969482422,30.469999313354492,28.01530647277832,129510400
2017-01-26,AAPL,30.417499542236328,30.610000610351562,30.399999618530273,30.485000610351562,28.02910041809082,105350400
2017-01-27,AAPL,30.53499984741211,30.587499618530273,30.399999618530273,30.487499237060547,28.031396865844727,82251600
2017-01-30,AAPL,30.232500076293945,30.407499313354492,30.165000915527344,30.407499313354492,27.95784568786621,121510000
2017-01-31,AAPL,30.287500381469727,30.34749984741211,30.155000686645508,30.337499618530273,27.893478393554688,196804000
2017-02-01,AAPL,31.75749969482422,32.622501373291016,31.752500534057617,32.1875,29.594446182250977,447940000
2017-02-02,AAPL,31.9950008392334,32.34749984741211,31.94499969482422,32.13249969482422,29.54387664794922,134841600
2017-02-03,AAPL,32.07749938964844,32.29750061035156,32.040000915527344,32.27000045776367,29.6702938079834,98029200
2017-02-06,AAPL,32.282501220703125,32.625,32.224998474121094,32.5724983215332,29.948429107666016,107383600
2017-02-07,AAPL,32.6349983215332,33.022499084472656,32.61249923706055,32.88249969482422,30.23345375061035,152735200
2017-02-08,AAPL,32.837501525878906,33.05500030517578,32.80500030517578,33.0099983215332,30.35068130493164,92016400
2017-02-09,AAPL,32.912498474121094,33.11249923706055,32.779998779296875,33.10499954223633,30.569995880126953,113399600
2017-02-10,AAPL,33.1150016784668,33.23500061035156,33.01250076293945,33.029998779296875,30.500736236572266,80262000
2017-02-13,AAPL,33.27000045776367,33.45500183105469,33.1875,33.3224983215332,30.770843505859375,92141600
2017-02-14,AAPL,33.36750030517578,33.772499084472656,33.3125,33.755001068115234,31.170211791992188,132904800
2017-02-15,AAPL,33.880001068115234,34.067501068115234,33.654998779296875,33.877498626708984,31.283334732055664,142492400
2017-02-16,AAPL,33.91749954223633,33.974998474121094,33.709999084472656,33.837501525878906,31.24640655517578,90338400
2017-02-17,AAPL,33.775001525878906,33.95750045776367,33.775001525878906,33.93000030517578,31.331815719604492,88792800
2017-02-21,AAPL,34.057498931884766,34.1875,33.994998931884766,34.17499923706055,31.558061599731445,98028800
2017-02-22,AAPL,34.10749816894531,34.279998779296875,34.02750015258789,34.27750015258789,31.652713775634766,83347600
2017-02-23,AAPL,34.345001220703125,34.369998931884766,34.07500076293945,34.13249969482422,31.518817901611328,83152800
2017-02-24,AAPL,33.977500915527344,34.165000915527344,33.81999969482422,34.165000915527344,31.548830032348633,87106400
2017-02-27,AAPL,34.28499984741211,34.36000061035156,34.06999969482422,34.23249816894531,31.611160278320312,81029600
2017-02-28,AAPL,34.27000045776367,34.36000061035156,34.17499923706055,34.247501373291016,31.62501335144043,93931600
2017-03-01,AAPL,34.47249984741211,35.037498474121094,34.400001525878906,34.9474983215332,32.27140808105469,145658400
2017-03-02,AAPL,35.0,35.06999969482422,34.689998626708984,34.7400016784668,32.079803466796875,104844000
2017-03-03,AAPL,34.69499969482422,34.95750045776367,34.647499084472656,34.94499969482422,32.269100189208984,84432400
2017-03-06,AAPL,34.842498779296875,34.942501068115234,34.650001525878906,34.834999084472656,32.16752624511719,87000000
2017-03-07,AAPL,34.76499938964844,34.994998931884766,34.6974983215332,34.880001068115234,32.20906448364258,69785200
2017-03-08,AAPL,34.73749923706055,34.95000076293945,34.70500183105469,34.75,32.08902359008789,74828800
2017-03-09,AAPL,34.685001373291016,34.6974983215332,34.26250076293945,34.66999816894531,32.01515197753906,88623600
2017-03-10,AAPL,34.8125,34.84000015258789,34.65999984741211,34.78499984741211,32.12135314941406,78451200
2017-03-13,AAPL,34.712501525878906,34.85749816894531,34.70500183105469,34.79999923706055,32.13520050048828,69686800
2017-03-14,AAPL,34.82500076293945,34.912498474121094,34.709999084472656,34.747501373291016,32.08672332763672,61236400
2017-03-15,AAPL,34.852500915527344,35.1875,34.75749969482422,35.1150016784668,32.42608642578125,102767200
2017-03-16,AAPL,35.18000030517578,35.255001068115234,35.064998626708984,35.17250061035156,32.47917938232422,76928000
2017-03-17,AAPL,35.25,35.25,34.97249984741211,34.997501373291016,32.317588806152344,175540000
2017-03-20,AAPL,35.099998474121094,35.375,35.057498931884766,35.3650016784668,32.65694808959961,86168000
2017-03-21,AAPL,35.52750015258789,35.70000076293945,34.932498931884766,34.959999084472656,32.28295135498047,158119600
2017-03-22,AAPL,34.962501525878906,35.400001525878906,34.939998626708984,35.35499954223633,32.64771270751953,103440800
2017-03-23,AAPL,35.314998626708984,35.39500045776367,35.15250015258789,35.22999954223633,32.53227996826172,81385200
2017-03-24,AAPL,35.375,35.435001373291016,35.087501525878906,35.15999984741211,32.4676399230957,89582400
2017-03-27,AAPL,34.84749984741211,35.30500030517578,34.654998779296875,35.220001220703125,32.52305221557617,94300400
2017-03-28,AAPL,35.227500915527344,36.0099983215332,35.154998779296875,35.95000076293945,33.197139739990234,133499200
2017-03-29,AAPL,35.91999816894531,36.122501373291016,35.79750061035156,36.029998779296875,33.27102279663086,116760000
2017-03-30,AAPL,36.04750061035156,36.125,35.875,35.98249816894531,33.2271614074707,84829200
2017-03-31,AAPL,35.93000030517578,36.067501068115234,35.752498626708984,35.915000915527344,33.164833068847656,78646800
2017-04-03,AAPL,35.9275016784668,36.029998779296875,35.76250076293945,35.92499923706055,33.17405319213867,79942800
2017-04-04,AAPL,35.8125,36.22249984741211,35.79249954223633,36.192501068115234,33.42108154296875,79565600
2017-04-05,AAPL,36.05500030517578,36.3650016784668,35.95249938964844,36.005001068115234,33.2479362487793,110871600
2017-04-06,AAPL,36.0724983215332,36.130001068115234,35.86249923706055,35.915000915527344,33.164833068847656,84596000
2017-04-07,AAPL,35.932498931884766,36.04499816894531,35.817501068115234,35.834999084472656,33.090938568115234,66688800
2017-04-10,AAPL,35.900001525878906,35.970001220703125,35.724998474121094,35.79249954223633,33.05171203613281,75733600
2017-04-11,AAPL,35.73500061035156,35.837501525878906,35.01499938964844,35.407501220703125,32.69618225097656,121517600
2017-04-12,AAPL,35.400001525878906,35.537498474121094,35.252498626708984,35.45000076293945,32.73542785644531,81400000
2017-04-13,AAPL,35.477500915527344,35.595001220703125,35.26250076293945,35.26250076293945,32.562294006347656,71291600
2017-04-17,AAPL,35.369998931884766,35.470001220703125,35.217498779296875,35.45750045776367,32.742366790771484,66328400
2017-04-18,AAPL,35.352500915527344,35.5099983215332,35.27750015258789,35.29999923706055,32.59690475463867,58790000
2017-04-19,AAPL,35.470001220703125,35.5,35.11249923706055,35.16999816894531,32.47687530517578,69313600
2017-04-20,AAPL,35.30500030517578,35.72999954223633,35.290000915527344,35.61000061035156,32.8831787109375,93278400
2017-04-21,AAPL,35.61000061035156,35.66999816894531,35.462501525878906,35.567501068115234,32.843936920166016,69283600
2017-04-24,AAPL,35.875,35.98749923706055,35.79499816894531,35.90999984741211,33.16020202636719,68537200
2017-04-25,AAPL,35.977500915527344,36.224998474121094,35.967498779296875,36.13249969482422,33.36566162109375,75486000
2017-04-26,AAPL,36.11750030517578,36.150001525878906,35.845001220703125,35.91999816894531,33.16942596435547,80164800
2017-04-27,AAPL,35.97999954223633,36.040000915527344,35.82749938964844,35.9474983215332,33.1948356628418,56985200
2017-04-28,AAPL,36.022499084472656,36.07500076293945,35.817501068115234,35.912498474121094,33.16250991821289,83441600
2017-05-01,AAPL,36.275001525878906,36.79999923706055,36.2400016784668,36.64500045776367,33.838924407958984,134411600
2017-05-02,AAPL,36.8849983215332,37.022499084472656,36.709999084472656,36.877498626708984,34.053619384765625,181408800
2017-05-03,AAPL,36.397499084472656,36.872501373291016,36.067501068115234,36.76499938964844,33.94974136352539,182788000
2017-05-04,AAPL,36.630001068115234,36.78499984741211,36.45249938964844,36.63249969482422,33.82737731933594,93487600
2017-05-05,AAPL,36.689998626708984,37.244998931884766,36.689998626708984,37.2400016784668,34.388362884521484,109310800
2017-05-08,AAPL,37.25749969482422,38.42499923706055,37.25749969482422,38.252498626708984,35.32332229614258,195009600
2017-05-09,AAPL,38.467498779296875,38.720001220703125,38.36249923706055,38.497501373291016,35.5495719909668,156521600
2017-05-10,AAPL,38.407501220703125,38.48500061035156,38.02750015258789,38.314998626708984,35.38105010986328,103222800
2017-05-11,AAPL,38.11249923706055,38.51750183105469,38.07749938964844,38.48749923706055,35.68703079223633,109020400
2017-05-12,AAPL,38.67499923706055,39.10499954223633,38.66749954223633,39.025001525878906,36.1854362487793,130108000
2017-05-15,AAPL,39.002498626708984,39.162498474121094,38.76250076293945,38.92499923706055,36.092708587646484,104038800
2017-05-16,AAPL,38.98500061035156,39.01499938964844,38.68000030517578,38.86750030517578,36.03937530517578,80194000
2017-05-17,AAPL,38.400001525878906,38.64250183105469,37.4275016784668,37.5625,34.829341888427734,203070800
2017-05-18,AAPL,37.817501068115234,38.334999084472656,37.782501220703125,38.1349983215332,35.36016845703125,134272800
2017-05-19,AAPL,38.345001220703125,38.494998931884766,38.157501220703125,38.26499938964844,35.480709075927734,107843200
2017-05-22,AAPL,38.5,38.64500045776367,38.227500915527344,38.497501373291016,35.6963005065918,91865600
2017-05-23,AAPL,38.724998474121094,38.724998474121094,38.32749938964844,38.45000076293945,35.652259826660156,79675600
2017-05-24,AAPL,38.459999084472656,38.54249954223633,38.16749954223633,38.334999084472656,35.545616149902344,76712000
2017-05-25,AAPL,38.432498931884766,38.587501525878906,38.25749969482422,38.467498779296875,35.668479919433594,76942400
2017-05-26,AAPL,38.5,38.560001373291016,38.32749938964844,38.40250015258789,35.60821533203125,87710400
2017-05-30,AAPL,38.35499954223633,38.60749816894531,38.33250045776367,38.41749954223633,35.62212371826172,80507600
2017-05-31,AAPL,38.49250030517578,38.54249954223633,38.095001220703125,38.189998626708984,35.41118240356445,97804800
2017-06-01,AAPL,38.29249954223633,38.33250045776367,38.05500030517578,38.29499816894531,35.508548736572266,65616400
2017-06-02,AAPL,38.39500045776367,38.86249923706055,38.22249984741211,38.86249923706055,36.034732818603516,111082800
2017-06-05,AAPL,38.584999084472656,38.61249923706055,38.3650016784668,38.48249816894531,35.68238067626953,101326800
2017-06-06,AAPL,38.474998474121094,38.95249938964844,38.44499969482422,38.61249923706055,35.80293273925781,106499600
2017-06-07,AAPL,38.755001068115234,38.994998931884766,38.619998931884766,38.842498779296875,36.016197204589844,84278400
2017-06-08,AAPL,38.8125,38.8849983215332,38.599998474121094,38.747501373291016,35.92811965942383,85003200
2017-06-09,AAPL,38.79750061035156,38.79750061035156,36.505001068115234,37.244998931884766,34.53493118286133,259530800
2017-06-12,AAPL,36.435001373291016,36.522499084472656,35.627498626708984,36.35499954223633,33.7097053527832,289229200
2017-06-13,AAPL,36.790000915527344,36.86249923706055,36.287498474121094,36.647499084472656,33.98091506958008,136661600
2017-06-14,AAPL,36.875,36.875,35.959999084472656,36.290000915527344,33.64943313598633,126124800
2017-06-15,AAPL,35.83000183105469,36.119998931884766,35.5525016784668,36.0724983215332,33.44774627685547,128661600
2017-06-16,AAPL,35.94499969482422,36.125,35.54999923706055,35.567501068115234,32.97949981689453,201444400
2017-06-19,AAPL,35.915000915527344,36.685001373291016,35.915000915527344,36.584999084472656,33.9229621887207,130165600
2017-06-20,AAPL,36.717498779296875,36.717498779296875,36.23500061035156,36.252498626708984,33.61466979980469,99600400
2017-06-21,AAPL,36.380001068115234,36.51750183105469,36.15250015258789,36.467498779296875,33.81401443481445,85063200
2017-06-22,AAPL,36.442501068115234,36.67499923706055,36.279998779296875,36.407501220703125,33.75837326049805,76425200
2017-06-23,AAPL,36.282501220703125,36.790000915527344,36.27750015258789,36.56999969482422,33.9090576171875,141757600
2017-06-26,AAPL,36.79249954223633,37.06999969482422,36.345001220703125,36.45500183105469,33.80241775512695,102769600
2017-06-27,AAPL,36.252498626708984,36.540000915527344,35.904998779296875,35.932498931884766,33.317928314208984,99047600
2017-06-28,AAPL,36.122501373291016,36.52750015258789,35.790000915527344,36.45750045776367,33.80474853515625,88329600
2017-06-29,AAPL,36.1775016784668,36.282501220703125,35.56999969482422,35.91999816894531,33.306331634521484,125997600
2017-06-30,AAPL,36.11249923706055,36.2400016784668,35.94499969482422,36.005001068115234,33.385169982910156,92096400
2017-07-03,AAPL,36.220001220703125,36.32500076293945,35.775001525878906,35.875,33.26463317871094,57111200
2017-07-05,AAPL,35.92250061035156,36.1974983215332,35.68000030517578,36.022499084472656,33.40138626098633,86278400
2017-07-06,AAPL,35.755001068115234,35.875,35.602500915527344,35.682498931884766,33.08613204956055,96515200
2017-07-07,AAPL,35.724998474121094,36.1875,35.724998474121094,36.04499816894531,33.42224884033203,76806800
2017-07-10,AAPL,36.02750015258789,36.48749923706055,35.842498779296875,36.26499938964844,33.62624740600586,84362400
2017-07-11,AAPL,36.182498931884766,36.462501525878906,36.095001220703125,36.38249969482422,33.735191345214844,79127200
2017-07-12,AAPL,36.467498779296875,36.54499816894531,36.20500183105469,36.435001373291016,33.78387451171875,99538000
2017-07-13,AAPL,36.375,37.122501373291016,36.36000061035156,36.942501068115234,34.25444793701172,100797600
2017-07-14,AAPL,36.99250030517578,37.33250045776367,36.83250045776367,37.2599983215332,34.54884338378906,80528400
2017-07-17,AAPL,37.20500183105469,37.724998474121094,37.14250183105469,37.38999938964844,34.66938400268555,95174000
2017-07-18,AAPL,37.29999923706055,37.532501220703125,37.16749954223633,37.52000045776367,34.789939880371094,71475200
2017-07-19,AAPL,37.619998931884766,37.85499954223633,37.48749923706055,37.755001068115234,35.00783920288086,83692000
2017-07-20,AAPL,37.875,37.935001373291016,37.54750061035156,37.584999084472656,34.85020446777344,68974800
2017-07-21,AAPL,37.497501373291016,37.61000061035156,37.220001220703125,37.567501068115234,34.8339729309082,105010400
2017-07-24,AAPL,37.64500045776367,38.11000061035156,37.474998474121094,38.022499084472656,35.25587844848633,85972800
2017-07-25,AAPL,37.95000076293945,38.459999084472656,37.95000076293945,38.185001373291016,35.40654754638672,75415600
2017-07-26,AAPL,38.337501525878906,38.48249816894531,38.26499938964844,38.3650016784668,35.57345199584961,63124000
2017-07-27,AAPL,38.4375,38.497501373291016,36.82500076293945,37.63999938964844,34.901206970214844,129905200
2017-07-28,AAPL,37.47249984741211,37.557498931884766,37.29750061035156,37.375,34.65546798706055,68854800
2017-07-31,AAPL,37.474998474121094,37.58250045776367,37.032501220703125,37.182498931884766,34.47698211669922,79383600
2017-08-01,AAPL,37.275001525878906,37.55500030517578,37.102500915527344,37.51250076293945,34.7829704284668,141474400
2017-08-02,AAPL,39.81999969482422,39.9375,39.040000915527344,39.28499984741211,36.4265022277832,279747200
2017-08-03,AAPL,39.26250076293945,39.3025016784668,38.755001068115234,38.89250183105469,36.062564849853516,108389200
2017-08-04,AAPL,39.01750183105469,39.349998474121094,38.92250061035156,39.09749984741211,36.25263977050781,82239600
2017-08-07,AAPL,39.26499938964844,39.72999954223633,39.16749954223633,39.70249938964844,36.81362533569336,87481200
2017-08-08,AAPL,39.650001525878906,40.45750045776367,39.567501068115234,40.02000045776367,37.10801696777344,144823600
2017-08-09,AAPL,39.814998626708984,40.317501068115234,39.77750015258789,40.26499938964844,37.33518981933594,104526000
2017-08-10,AAPL,39.974998474121094,40.0,38.657501220703125,38.83000183105469,36.14599609375,163217200
2017-08-11,AAPL,39.150001525878906,39.64250183105469,39.01750183105469,39.369998931884766,36.648681640625,105028400
2017-08-14,AAPL,39.83000183105469,40.0525016784668,39.6875,39.962501525878906,37.2002067565918,88490800
2017-08-15,AAPL,40.165000915527344,40.54999923706055,40.03499984741211,40.400001525878906,37.60746765136719,117862000
2017-08-16,AAPL,40.48500061035156,40.627498626708984,40.037498474121094,40.23749923706055,37.45619583129883,110686400
2017-08-17,AAPL,40.130001068115234,40.1775016784668,39.459999084472656,39.46500015258789,36.73710250854492,111762400
2017-08-18,AAPL,39.46500015258789,39.875,39.18000030517578,39.375,36.65332794189453,109712400
2017-08-21,AAPL,39.375,39.47249984741211,38.77750015258789,39.3025016784668,36.585845947265625,105474000
2017-08-22,AAPL,39.557498931884766,40.0,39.505001068115234,39.94499969482422,37.18392562866211,86418400
2017-08-23,AAPL,39.76750183105469,40.11750030517578,39.720001220703125,39.994998931884766,37.230464935302734,77596400
2017-08-24,AAPL,40.10749816894531,40.185001373291016,39.63750076293945,39.817501068115234,37.06523132324219,79275600
2017-08-25,AAPL,39.912498474121094,40.13999938964844,39.817501068115234,39.96500015258789,37.202545166015625,101920400
2017-08-28,AAPL,40.03499984741211,40.5,39.98249816894531,40.36750030517578,37.57722854614258,103864000
2017-08-29,AAPL,40.025001525878906,40.779998779296875,40.0,40.727500915527344,37.91233444213867,118067600
2017-08-30,AAPL,40.95000076293945,40.97249984741211,40.65250015258789,40.837501525878906,38.01472473144531,109078400
2017-08-31,AAPL,40.90999984741211,41.130001068115234,40.869998931884766,41.0,38.16600036621094,107140400
2017-09-01,AAPL,41.20000076293945,41.23500061035156,40.907501220703125,41.01250076293945,38.17764663696289,66364400
2017-09-05,AAPL,40.9375,41.0625,40.13999938964844,40.52000045776367,37.719181060791016,117874000
2017-09-06,AAPL,40.6775016784668,40.747501373291016,40.130001068115234,40.477500915527344,37.67961502075195,86606800
2017-09-07,AAPL,40.522499084472656,40.560001373291016,40.09000015258789,40.314998626708984,37.52835464477539,87714000
2017-09-08,AAPL,40.21500015258789,40.287498474121094,39.63249969482422,39.657501220703125,36.91630172729492,114446000
2017-09-11,AAPL,40.125,40.51250076293945,39.97249984741211,40.375,37.584205627441406,126323200
2017-09-12,AAPL,40.65250015258789,40.9900016784668,39.692501068115234,40.21500015258789,37.435264587402344,286856000
2017-09-13,AAPL,39.967498779296875,39.9900016784668,39.477500915527344,39.912498474121094,37.15366744995117,179629600
2017-09-14,AAPL,39.747501373291016,39.849998474121094,39.522499084472656,39.56999969482422,36.834842681884766,95042800
2017-09-15,AAPL,39.61750030517578,40.24250030517578,39.5,39.970001220703125,37.20719909667969,196458400
2017-09-18,AAPL,40.02750015258789,40.125,39.5,39.66749954223633,36.92560958862305,113077600
2017-09-19,AAPL,39.877498626708984,39.942501068115234,39.61000061035156,39.682498931884766,36.939579010009766,83242400
2017-09-20,AAPL,39.474998474121094,39.564998626708984,38.45750045776367,39.01750183105469,36.32052993774414,211805600
2017-09-21,AAPL,38.95000076293945,38.95000076293945,38.1875,38.34749984741211,35.69684982299805,150046800
2017-09-22,AAPL,37.8849983215332,38.067501068115234,37.63999938964844,37.97249984741211,35.34776306152344,186581600
2017-09-25,AAPL,37.497501373291016,37.95750045776367,37.290000915527344,37.63750076293945,35.03591537475586,177549200
2017-09-26,AAPL,37.94499969482422,38.47999954223633,37.92250061035156,38.28499984741211,35.638668060302734,146640000
2017-09-27,AAPL,38.45000076293945,38.68000030517578,38.3849983215332,38.557498931884766,35.892330169677734,102016800
2017-09-28,AAPL,38.47249984741211,38.56999969482422,38.17499923706055,38.31999969482422,35.67124557495117,88022000
2017-09-29,AAPL,38.3025016784668,38.532501220703125,38.0,38.529998779296875,35.866729736328125,105199200
2017-10-02,AAPL,38.564998626708984,38.61249923706055,38.18000030517578,38.45249938964844,35.79459762573242,74795200
2017-10-03,AAPL,38.502498626708984,38.772499084472656,38.477500915527344,38.619998931884766,35.950504302978516,64921200
2017-10-04,AAPL,38.407501220703125,38.46500015258789,38.1150016784668,38.369998931884766,35.71778869628906,80655200
2017-10-05,AAPL,38.54499816894531,38.86000061035156,38.51250076293945,38.84749984741211,36.16228485107422,85135200
2017-10-06,AAPL,38.74250030517578,38.872501373291016,38.63999938964844,38.82500076293945,36.14134216308594,69630400
2017-10-09,AAPL,38.95249938964844,39.182498931884766,38.872501373291016,38.959999084472656,36.26701354980469,65051600
2017-10-10,AAPL,39.01499938964844,39.5,38.775001525878906,38.974998474121094,36.280975341796875,62468000
2017-10-11,AAPL,38.99250030517578,39.244998931884766,38.9375,39.13750076293945,36.43223571777344,67622400
2017-10-12,AAPL,39.087501525878906,39.342498779296875,38.932498931884766,39.0,36.30425262451172,64500400
2017-10-13,AAPL,39.182498931884766,39.31999969482422,39.102500915527344,39.247501373291016,36.534637451171875,65576800
2017-10-16,AAPL,39.474998474121094,40.0,39.412498474121094,39.970001220703125,37.20719909667969,96486000
2017-10-17,AAPL,39.94499969482422,40.217498779296875,39.807498931884766,40.11750030517578,37.344505310058594,75989200
2017-10-18,AAPL,40.10499954223633,40.1775016784668,39.900001525878906,39.939998626708984,37.179283142089844,65496800
2017-10-19,AAPL,39.1875,39.27000045776367,38.755001068115234,38.994998931884766,36.299591064453125,170336800
2017-10-20,AAPL,39.15250015258789,39.4375,38.9900016784668,39.0625,36.3624382019043,95896400
2017-10-23,AAPL,39.22249984741211,39.42250061035156,38.875,39.04249954223633,36.343807220458984,87937200
2017-10-24,AAPL,39.0724983215332,39.35499954223633,39.04999923706055,39.275001525878906,36.56025314331055,71028800
2017-10-25,AAPL,39.227500915527344,39.38750076293945,38.817501068115234,39.102500915527344,36.399662017822266,84828400
2017-10-26,AAPL,39.307498931884766,39.45750045776367,39.19499969482422,39.352500915527344,36.63237762451172,68002000
2017-10-27,AAPL,39.8224983215332,40.900001525878906,39.67499923706055,40.76250076293945,37.944923400878906,177816800
2017-10-30,AAPL,40.97249984741211,42.01750183105469,40.93000030517578,41.68000030517578,38.79899978637695,178803200
2017-10-31,AAPL,41.974998474121094,42.412498474121094,41.73500061035156,42.2599983215332,39.33891296386719,144187200
2017-11-01,AAPL,42.467498779296875,42.48500061035156,41.40250015258789,41.72249984741211,38.838558197021484,134551200
2017-11-02,AAPL,41.650001525878906,42.125,41.31999969482422,42.02750015258789,39.122474670410156,165573600
2017-11-03,AAPL,43.5,43.564998626708984,42.779998779296875,43.125,40.14411544799805,237594400
2017-11-06,AAPL,43.092498779296875,43.747501373291016,42.93000030517578,43.5625,40.55137252807617,140105200
2017-11-07,AAPL,43.477500915527344,43.8125,43.400001525878906,43.70249938964844,40.68170166015625,97446000
2017-11-08,AAPL,43.665000915527344,44.060001373291016,43.58250045776367,44.060001373291016,41.01449203491211,97638000
2017-11-09,AAPL,43.77750015258789,44.025001525878906,43.28499984741211,43.970001220703125,40.93070983886719,117930400
2017-11-10,AAPL,43.77750015258789,43.845001220703125,43.567501068115234,43.66749954223633,40.795249938964844,100582000
2017-11-13,AAPL,43.375,43.625,43.349998474121094,43.49250030517578,40.63175964355469,67928400
2017-11-14,AAPL,43.2599983215332,43.369998931884766,42.79499816894531,42.834999084472656,40.01750183105469,99130000
2017-11-15,AAPL,42.49250030517578,42.58000183105469,42.095001220703125,42.27000045776367,39.48965835571289,116632400
2017-11-16,AAPL,42.79499816894531,42.967498779296875,42.57500076293945,42.775001525878906,39.96145248413086,94550000
2017-11-17,AAPL,42.7599983215332,42.84749984741211,42.40999984741211,42.537498474121094,39.739566802978516,87598000
2017-11-20,AAPL,42.5724983215332,42.63999938964844,42.38999938964844,42.494998931884766,39.69987106323242,65049600
2017-11-21,AAPL,42.69499969482422,43.42499923706055,42.69499969482422,43.28499984741211,40.43790817260742,100525200
2017-11-22,AAPL,43.34000015258789,43.75,43.26250076293945,43.7400016784668,40.86297607421875,102355600
2017-11-24,AAPL,43.775001525878906,43.875,43.662498474121094,43.74250030517578,40.86532211303711,56106800
2017-11-27,AAPL,43.76250076293945,43.77000045776367,43.334999084472656,43.522499084472656,40.659793853759766,82867200
2017-11-28,AAPL,43.57500076293945,43.717498779296875,42.96500015258789,43.26750183105469,40.42156219482422,105715200
2017-11-29,AAPL,43.157501220703125,43.22999954223633,41.790000915527344,42.369998931884766,39.583091735839844,166665600
2017-11-30,AAPL,42.60749816894531,43.03499984741211,42.11000061035156,42.962501525878906,40.1366081237793,166108800
2017-12-01,AAPL,42.48749923706055,42.91749954223633,42.125,42.76250076293945,39.949764251708984,159037200
2017-12-04,AAPL,43.119998931884766,43.154998779296875,42.407501220703125,42.45000076293945,39.65782928466797,130169600
2017-12-05,AAPL,42.26499938964844,42.880001068115234,42.099998474121094,42.40999984741211,39.62046432495117,109400800
2017-12-06,AAPL,41.875,42.54999923706055,41.6150016784668,42.252498626708984,39.47331237792969,114240000
2017-12-07,AAPL,42.25749969482422,42.61000061035156,42.227500915527344,42.33000183105469,39.54573059082031,102693200
2017-12-08,AAPL,42.622501373291016,42.75,42.20500183105469,42.342498779296875,39.55739212036133,93420800
2017-12-11,AAPL,42.29999923706055,43.22249984741211,42.1974983215332,43.16749954223633,40.32814025878906,141095200
2017-12-12,AAPL,43.037498474121094,43.09749984741211,42.8650016784668,42.92499923706055,40.101600646972656,77636800
2017-12-13,AAPL,43.125,43.3849983215332,43.0,43.067501068115234,40.23471450805664,95273600
2017-12-14,AAPL,43.099998474121094,43.282501220703125,42.912498474121094,43.05500030517578,40.223026275634766,81906000
2017-12-15,AAPL,43.407501220703125,43.54249954223633,43.1150016784668,43.49250030517578,40.63175964355469,160677200
2017-12-18,AAPL,43.720001220703125,44.29999923706055,43.71500015258789,44.10499954223633,41.2039794921875,117684400
2017-12-19,AAPL,43.75749969482422,43.84749984741211,43.522499084472656,43.6349983215332,40.76487731933594,109745600
2017-12-20,AAPL,43.717498779296875,43.85499954223633,43.3125,43.587501525878906,40.720516204833984,93902400
2017-12-21,AAPL,43.54249954223633,44.005001068115234,43.525001525878906,43.752498626708984,40.874664306640625,83799600
2017-12-22,AAPL,43.66999816894531,43.85499954223633,43.625,43.752498626708984,40.874664306640625,65397600
2017-12-26,AAPL,42.70000076293945,42.86750030517578,42.41999816894531,42.64250183105469,39.83767318725586,132742000
2017-12-27,AAPL,42.525001525878906,42.69499969482422,42.4275016784668,42.650001525878906,39.84467697143555,85992800
2017-12-28,AAPL,42.75,42.962501525878906,42.619998931884766,42.77000045776367,39.956790924072266,65920800
2017-12-29,AAPL,42.630001068115234,42.647499084472656,42.30500030517578,42.307498931884766,39.52470016479492,103999600
2018-01-02,AAPL,42.540000915527344,43.07500076293945,42.314998626708984,43.064998626708984,40.23237609863281,102223600
2018-01-03,AAPL,43.13249969482422,43.63750076293945,42.9900016784668,43.057498931884766,40.22537612915039,118071600
2018-01-04,AAPL,43.1349983215332,43.36750030517578,43.02000045776367,43.25749969482422,40.4122200012207,89738400
2018-01-05,AAPL,43.36000061035156,43.842498779296875,43.26250076293945,43.75,40.872314453125,94640000
2018-01-08,AAPL,43.587501525878906,43.90250015258789,43.48249816894531,43.587501525878906,40.720516204833984,82271200
2018-01-09,AAPL,43.63750076293945,43.76499938964844,43.352500915527344,43.58250045776367,40.71583557128906,86336000
2018-01-10,AAPL,43.290000915527344,43.57500076293945,43.25,43.5724983215332,40.70650100708008,95839600
2018-01-11,AAPL,43.647499084472656,43.872501373291016,43.622501373291016,43.81999969482422,40.93771743774414,74670800
2018-01-12,AAPL,44.04499816894531,44.34000015258789,43.912498474121094,44.272499084472656,41.36045455932617,101672400
2018-01-16,AAPL,44.474998474121094,44.84749984741211,44.03499984741211,44.04750061035156,41.15025329589844,118263600
2018-01-17,AAPL,44.037498474121094,44.8125,43.76750183105469,44.775001525878906,41.82991027832031,137547200
2018-01-18,AAPL,44.842498779296875,45.025001525878906,44.5625,44.814998626708984,41.867271423339844,124773600
2018-01-19,AAPL,44.65250015258789,44.89500045776367,44.352500915527344,44.6150016784668,41.6804313659668,129700400
2018-01-22,AAPL,44.32500076293945,44.44499969482422,44.150001525878906,44.25,41.33943176269531,108434400
2018-01-23,AAPL,44.32500076293945,44.86000061035156,44.20500183105469,44.2599983215332,41.34877014160156,130756400
2018-01-24,AAPL,44.3125,44.32500076293945,43.29999923706055,43.55500030517578,40.69014358520508,204420400
2018-01-25,AAPL,43.627498626708984,43.73749923706055,42.63249969482422,42.77750015258789,39.96379089355469,166116000
2018-01-26,AAPL,43.0,43.0,42.51499938964844,42.877498626708984,40.05721664428711,156572000
2018-01-29,AAPL,42.540000915527344,42.540000915527344,41.76750183105469,41.9900016784668,39.228084564208984,202561600
2018-01-30,AAPL,41.38249969482422,41.842498779296875,41.17499923706055,41.74250030517578,38.996864318847656,184192800
2018-01-31,AAPL,41.717498779296875,42.11000061035156,41.625,41.85749816894531,39.104305267333984,129915600
2018-02-01,AAPL,41.79249954223633,42.154998779296875,41.689998626708984,41.94499969482422,39.18605041503906,188923200
2018-02-02,AAPL,41.5,41.70000076293945,40.025001525878906,40.125,37.48575973510742,346375200
2018-02-05,AAPL,39.775001525878906,40.970001220703125,39.0,39.122501373291016,36.5491943359375,290954000
2018-02-06,AAPL,38.70750045776367,40.93000030517578,38.5,40.75749969482422,38.0766487121582,272975200
2018-02-07,AAPL,40.772499084472656,40.849998474121094,39.76750183105469,39.8849983215332,37.26155090332031,206434400
2018-02-08,AAPL,40.0724983215332,40.25,38.75749969482422,38.787498474121094,36.236236572265625,217562000
2018-02-09,AAPL,39.26750183105469,39.47249984741211,37.560001373291016,39.102500915527344,36.6794548034668,282690400
2018-02-12,AAPL,39.625,40.97249984741211,39.377498626708984,40.6775016784668,38.15686798095703,243278000
2018-02-13,AAPL,40.48749923706055,41.1875,40.412498474121094,41.084999084472656,38.53910446166992,130196800
2018-02-14,AAPL,40.7599983215332,41.8849983215332,40.720001220703125,41.842498779296875,39.249664306640625,162579600
2018-02-15,AAPL,42.4474983215332,43.272499084472656,42.25,43.247501373291016,40.567596435546875,204588800
2018-02-16,AAPL,43.09000015258789,43.70500183105469,42.942501068115234,43.10749816894531,40.43626403808594,160704400
2018-02-20,AAPL,43.01250076293945,43.564998626708984,42.85499954223633,42.962501525878906,40.30025100708008,135722000
2018-02-21,AAPL,43.20750045776367,43.529998779296875,42.752498626708984,42.76750183105469,40.11734390258789,149886400
2018-02-22,AAPL,42.95000076293945,43.48749923706055,42.9275016784668,43.125,40.45268630981445,123967600
2018-02-23,AAPL,43.41749954223633,43.912498474121094,43.3849983215332,43.875,41.156219482421875,135249600
2018-02-26,AAPL,44.087501525878906,44.84749984741211,44.0525016784668,44.74250030517578,41.969966888427734,152648800
2018-02-27,AAPL,44.775001525878906,45.119998931884766,44.540000915527344,44.59749984741211,41.833946228027344,155712400
2018-02-28,AAPL,44.814998626708984,45.154998779296875,44.51250076293945,44.529998779296875,41.770633697509766,151128400
2018-03-01,AAPL,44.6349983215332,44.94499969482422,43.165000915527344,43.75,41.038970947265625,195208000
2018-03-02,AAPL,43.20000076293945,44.07500076293945,43.11249923706055,44.0525016784668,41.322723388671875,153816000
2018-03-05,AAPL,43.8025016784668,44.435001373291016,43.630001068115234,44.20500183105469,41.46576690673828,113605600
2018-03-06,AAPL,44.477500915527344,44.5625,44.032501220703125,44.16749954223633,41.43058395385742,95154000
2018-03-07,AAPL,43.73500061035156,43.962501525878906,43.567501068115234,43.75749969482422,41.0460090637207,126814000
2018-03-08,AAPL,43.869998931884766,44.279998779296875,43.76750183105469,44.23500061035156,41.4939079284668,95096400
2018-03-09,AAPL,44.4900016784668,45.0,44.34749984741211,44.994998931884766,42.206817626953125,128740800
2018-03-12,AAPL,45.0724983215332,45.59749984741211,45.0525016784668,45.43000030517578,42.614864349365234,128828400
2018-03-13,AAPL,45.647499084472656,45.875,44.810001373291016,44.99250030517578,42.204471588134766,126774000
2018-03-14,AAPL,45.08000183105469,45.130001068115234,44.45249938964844,44.61000061035156,41.845664978027344,117473600
2018-03-15,AAPL,44.625,45.060001373291016,44.51750183105469,44.662498474121094,41.89491271972656,90975200
2018-03-16,AAPL,44.662498474121094,44.779998779296875,44.404998779296875,44.505001068115234,41.747169494628906,157618800
2018-03-19,AAPL,44.33000183105469,44.36750030517578,43.415000915527344,43.82500076293945,41.10932540893555,133787200
2018-03-20,AAPL,43.810001373291016,44.20000076293945,43.73500061035156,43.810001373291016,41.09524917602539,78597600
2018-03-21,AAPL,43.7599983215332,43.772499084472656,42.814998626708984,42.817501068115234,40.16425323486328,148219600
2018-03-22,AAPL,42.5,43.16999816894531,42.150001525878906,42.212501525878906,39.59674072265625,165963200
2018-03-23,AAPL,42.09749984741211,42.47999954223633,41.23500061035156,41.23500061035156,38.67981719970703,164115200
2018-03-26,AAPL,42.01750183105469,43.275001525878906,41.61000061035156,43.192501068115234,40.51599884033203,150164800
2018-03-27,AAPL,43.41999816894531,43.787498474121094,41.72999954223633,42.084999084472656,39.47712707519531,163690400
2018-03-28,AAPL,41.8125,42.505001068115234,41.29750061035156,41.619998931884766,39.040950775146484,166674000
2018-03-29,AAPL,41.95249938964844,42.9375,41.724998474121094,41.94499969482422,39.34580993652344,153594000
2018-04-02,AAPL,41.65999984741211,42.23500061035156,41.11750030517578,41.66999816894531,39.087852478027344,150347200
2018-04-03,AAPL,41.90999984741211,42.1875,41.220001220703125,42.09749984741211,39.48886489868164,121112000
2018-04-04,AAPL,41.220001220703125,43.002498626708984,41.192501068115234,42.90250015258789,40.24397659301758,138422000
2018-04-05,AAPL,43.14500045776367,43.557498931884766,43.02000045776367,43.20000076293945,40.52303695678711,107732800
2018-04-06,AAPL,42.74250030517578,43.119998931884766,42.04999923706055,42.095001220703125,39.486515045166016,140021200
2018-04-09,AAPL,42.470001220703125,43.272499084472656,42.462501525878906,42.51250076293945,39.87815475463867,116070800
2018-04-10,AAPL,43.25,43.5,42.88249969482422,43.3125,40.628570556640625,113634400
2018-04-11,AAPL,43.057498931884766,43.47999954223633,42.92499923706055,43.11000061035156,40.438621520996094,89726400
2018-04-12,AAPL,43.352500915527344,43.75,43.2599983215332,43.53499984741211,40.83728790283203,91557200
2018-04-13,AAPL,43.69499969482422,43.959999084472656,43.462501525878906,43.682498931884766,40.97565460205078,100497200
2018-04-16,AAPL,43.75749969482422,44.04750061035156,43.70750045776367,43.95500183105469,41.231266021728516,86313600
2018-04-17,AAPL,44.122501373291016,44.73500061035156,44.102500915527344,44.560001373291016,41.79875946044922,106421600
2018-04-18,AAPL,44.45249938964844,44.70500183105469,44.220001220703125,44.459999084472656,41.70496368408203,83018000
2018-04-19,AAPL,43.439998626708984,43.84749984741211,43.165000915527344,43.20000076293945,40.52303695678711,139235200
2018-04-20,AAPL,42.650001525878906,42.80500030517578,41.35749816894531,41.43000030517578,38.86272430419922,261964400
2018-04-23,AAPL,41.70750045776367,41.72999954223633,41.022499084472656,41.310001373291016,38.75015640258789,146062000
2018-04-24,AAPL,41.41749954223633,41.58250045776367,40.30500030517578,40.73500061035156,38.21079635620117,134768000
2018-04-25,AAPL,40.654998779296875,41.35499954223633,40.602500915527344,40.912498474121094,38.37729263305664,113528400
2018-04-26,AAPL,41.029998779296875,41.432498931884766,40.842498779296875,41.05500030517578,38.510963439941406,111852000
2018-04-27,AAPL,41.0,41.08250045776367,40.157501220703125,40.58000183105469,38.06538772583008,142623200
2018-04-30,AAPL,40.532501220703125,41.814998626708984,40.459999084472656,41.314998626708984,38.754852294921875,169709600
2018-05-01,AAPL,41.602500915527344,42.29999923706055,41.317501068115234,42.275001525878906,39.655364990234375,214277600
2018-05-02,AAPL,43.807498931884766,44.4375,43.45000076293945,44.14250183105469,41.40715408325195,266157600
2018-05-03,AAPL,43.970001220703125,44.375,43.61000061035156,44.22249984741211,41.4821891784668,136272800
2018-05-04,AAPL,44.5625,46.0625,44.54249954223633,45.95750045776367,43.10968780517578,224805200
2018-05-07,AAPL,46.29499816894531,46.91749954223633,46.1875,46.290000915527344,43.42156219482422,169805600
2018-05-08,AAPL,46.247501373291016,46.55500030517578,45.91749954223633,46.51250076293945,43.63029861450195,113611200
2018-05-09,AAPL,46.63750076293945,46.849998474121094,46.30500030517578,46.84000015258789,43.93749237060547,92844800
2018-05-10,AAPL,46.935001373291016,47.592498779296875,46.912498474121094,47.5099983215332,44.565975189208984,111957200
2018-05-11,AAPL,47.372501373291016,47.51499938964844,46.86249923706055,47.147499084472656,44.396480560302734,104848800
2018-05-14,AAPL,47.252498626708984,47.38249969482422,46.96500015258789,47.037498474121094,44.292884826660156,83115200
2018-05-15,AAPL,46.69499969482422,46.76750183105469,46.275001525878906,46.61000061035156,43.89033508300781,94780800
2018-05-16,AAPL,46.51750183105469,47.1150016784668,46.5,47.04499816894531,44.29994201660156,76732400
2018-05-17,AAPL,47.0,47.227500915527344,46.59000015258789,46.747501373291016,44.01980972290039,69176000
2018-05-18,AAPL,46.79750061035156,46.95249938964844,46.532501220703125,46.57749938964844,43.85972595214844,73190800
2018-05-21,AAPL,47.0,47.317501068115234,46.727500915527344,46.907501220703125,44.17047882080078,73603200
2018-05-22,AAPL,47.095001220703125,47.220001220703125,46.69499969482422,46.790000915527344,44.05984115600586,60962800
2018-05-23,AAPL,46.587501525878906,47.125,46.439998626708984,47.09000015258789,44.34233093261719,80233600
2018-05-24,AAPL,47.192501068115234,47.209999084472656,46.5525016784668,47.037498474121094,44.292884826660156,92936000
2018-05-25,AAPL,47.057498931884766,47.412498474121094,46.912498474121094,47.14500045776367,44.39412307739258,69844000
2018-05-29,AAPL,46.900001525878906,47.1875,46.717498779296875,46.974998474121094,44.23404312133789,90056400
2018-05-30,AAPL,46.93000030517578,47.0,46.69499969482422,46.875,44.13987350463867,74762000
2018-05-31,AAPL,46.80500030517578,47.057498931884766,46.53499984741211,46.717498779296875,43.99155807495117,109931200
2018-06-01,AAPL,46.997501373291016,47.564998626708984,46.9375,47.560001373291016,44.784889221191406,93770000
2018-06-04,AAPL,47.90999984741211,48.35499954223633,47.837501525878906,47.95750045776367,45.159202575683594,105064800
2018-06-05,AAPL,48.26750183105469,48.48500061035156,48.09000015258789,48.32749938964844,45.50761413574219,86264000
2018-06-06,AAPL,48.407501220703125,48.52000045776367,47.97999954223633,48.494998931884766,45.665348052978516,83734400
2018-06-07,AAPL,48.53499984741211,48.54999923706055,48.084999084472656,48.3650016784668,45.542938232421875,85388800
2018-06-08,AAPL,47.79249954223633,48.0,47.442501068115234,47.92499923706055,45.12860870361328,106627200
2018-06-11,AAPL,47.837501525878906,47.99250030517578,47.5525016784668,47.807498931884766,45.01796340942383,73234000
2018-06-12,AAPL,47.84749984741211,48.15250015258789,47.787498474121094,48.06999969482422,45.2651481628418,67644400
2018-06-13,AAPL,48.10499954223633,48.220001220703125,47.61000061035156,47.67499923706055,44.893192291259766,86553600
2018-06-14,AAPL,47.88750076293945,47.89250183105469,47.55500030517578,47.70000076293945,44.91672134399414,86440400
2018-06-15,AAPL,47.50749969482422,47.540000915527344,47.064998626708984,47.209999084472656,44.455322265625,246876800
2018-06-18,AAPL,46.970001220703125,47.30500030517578,46.79999923706055,47.185001373291016,44.43177795410156,73939600
2018-06-19,AAPL,46.28499984741211,46.58250045776367,45.86249923706055,46.42250061035156,43.71377182006836,134314000
2018-06-20,AAPL,46.587501525878906,46.79999923706055,46.432498931884766,46.625,43.904457092285156,82514800
2018-06-21,AAPL,46.8125,47.087501525878906,46.23500061035156,46.3650016784668,43.659637451171875,102847600
2018-06-22,AAPL,46.529998779296875,46.537498474121094,46.17499923706055,46.22999954223633,43.53250503540039,108801600
2018-06-25,AAPL,45.849998474121094,46.22999954223633,45.182498931884766,45.54249954223633,42.885135650634766,126652400
2018-06-26,AAPL,45.747501373291016,46.63249969482422,45.6349983215332,46.10749816894531,43.41716384887695,98276800
2018-06-27,AAPL,46.307498931884766,46.81999969482422,46.00749969482422,46.040000915527344,43.35358810424805,101141200
2018-06-28,AAPL,46.025001525878906,46.5525016784668,45.95000076293945,46.375,43.669036865234375,69460800
2018-06-29,AAPL,46.5724983215332,46.79750061035156,45.727500915527344,46.27750015258789,43.577239990234375,90950800
2018-07-02,AAPL,45.95500183105469,46.82500076293945,45.85499954223633,46.79499816894531,44.06453323364258,70925200
2018-07-03,AAPL,46.9474983215332,46.98749923706055,45.8849983215332,45.97999954223633,43.297096252441406,55819200
2018-07-05,AAPL,46.314998626708984,46.602500915527344,46.06999969482422,46.349998474121094,43.645511627197266,66416800
2018-07-06,AAPL,46.35499954223633,47.10749816894531,46.29999923706055,46.99250030517578,44.250518798828125,69940800
2018-07-09,AAPL,47.375,47.66999816894531,47.32500076293945,47.64500045776367,44.86495590209961,79026400
2018-07-10,AAPL,47.6775016784668,47.81999969482422,47.54499816894531,47.587501525878906,44.81079864501953,63756400
2018-07-11,AAPL,47.125,47.44499969482422,46.90250015258789,46.970001220703125,44.22932434082031,75326000
2018-07-12,AAPL,47.38249969482422,47.852500915527344,47.32749938964844,47.75749969482422,44.97086715698242,72164400
2018-07-13,AAPL,47.77000045776367,47.959999084472656,47.724998474121094,47.83250045776367,45.041500091552734,50055600
2018-07-16,AAPL,47.880001068115234,48.162498474121094,47.60499954223633,47.727500915527344,44.94263458251953,60172400
2018-07-17,AAPL,47.4375,47.967498779296875,47.29999923706055,47.86249923706055,45.069759368896484,62138000
2018-07-18,AAPL,47.94499969482422,47.95000076293945,47.48249816894531,47.599998474121094,44.82256317138672,65573600
2018-07-19,AAPL,47.42250061035156,48.13750076293945,47.42250061035156,47.970001220703125,45.17098617553711,81147200
2018-07-20,AAPL,47.94499969482422,48.10749816894531,47.54249954223633,47.86000061035156,45.06740188598633,82704800
2018-07-23,AAPL,47.66999816894531,47.9900016784668,47.38999938964844,47.90250015258789,45.10742950439453,63957600
2018-07-24,AAPL,48.11249923706055,48.415000915527344,48.01250076293945,48.25,45.43463897705078,74791600
2018-07-25,AAPL,48.26499938964844,48.712501525878906,48.10749816894531,48.70500183105469,45.86309051513672,66839600
2018-07-26,AAPL,48.65250015258789,48.9900016784668,48.40250015258789,48.5525016784668,45.71949768066406,76304000
2018-07-27,AAPL,48.747501373291016,48.79750061035156,47.525001525878906,47.744998931884766,44.9591064453125,96096000
2018-07-30,AAPL,47.974998474121094,48.04999923706055,47.26750183105469,47.477500915527344,44.70721435546875,84118000
2018-07-31,AAPL,47.57500076293945,48.03499984741211,47.334999084472656,47.5724983215332,44.79666519165039,157492000
2018-08-01,AAPL,49.782501220703125,50.439998626708984,49.32749938964844,50.375,47.43564987182617,271742800
2018-08-02,AAPL,50.14500045776367,52.095001220703125,50.087501525878906,51.84749984741211,48.822235107421875,249616000
2018-08-03,AAPL,51.75749969482422,52.185001373291016,51.369998931884766,51.997501373291016,48.96348190307617,133789600
2018-08-06,AAPL,52.0,52.3125,51.76750183105469,52.26750183105469,49.217716217041016,101701600
2018-08-07,AAPL,52.33000183105469,52.375,51.689998626708984,51.77750015258789,48.75630569458008,102349600
2018-08-08,AAPL,51.51250076293945,51.95249938964844,51.130001068115234,51.8125,48.78927993774414,90102000
2018-08-09,AAPL,52.38249969482422,52.44499969482422,51.79999923706055,52.220001220703125,49.17298889160156,93970400
2018-08-10,AAPL,51.84000015258789,52.275001525878906,51.66749954223633,51.88249969482422,49.026527404785156,98444800
2018-08-13,AAPL,52.32749938964844,52.73749923706055,51.92499923706055,52.217498779296875,49.34308624267578,103563600
2018-08-14,AAPL,52.540000915527344,52.63999938964844,52.064998626708984,52.4375,49.55097961425781,82992000
2018-08-15,AAPL,52.30500030517578,52.685001373291016,52.08250045776367,52.560001373291016,49.6667366027832,115230400
2018-08-16,AAPL,52.9375,53.45249938964844,52.86750030517578,53.33000183105469,50.394351959228516,114001600
2018-08-17,AAPL,53.36000061035156,54.48749923706055,53.290000915527344,54.39500045776367,51.400718688964844,141708000
2018-08-20,AAPL,54.525001525878906,54.79499816894531,53.77750015258789,53.8650016784668,50.89990234375,121150800
2018-08-21,AAPL,54.20000076293945,54.29750061035156,53.50749969482422,53.7599983215332,50.80068588256836,104639200
2018-08-22,AAPL,53.525001525878906,54.09000015258789,53.459999084472656,53.76250076293945,50.803043365478516,76072400
2018-08-23,AAPL,53.662498474121094,54.26250076293945,53.650001525878906,53.872501373291016,50.90699005126953,75532800
2018-08-24,AAPL,54.150001525878906,54.224998474121094,53.77750015258789,54.040000915527344,51.06526184082031,73905600
2018-08-27,AAPL,54.287498474121094,54.685001373291016,54.08250045776367,54.48500061035156,51.48577880859375,82100400
2018-08-28,AAPL,54.752498626708984,55.1349983215332,54.72999954223633,54.92499923706055,51.901546478271484,91107200
2018-08-29,AAPL,55.037498474121094,55.872501373291016,54.852500915527344,55.744998931884766,52.67639923095703,109019200
2018-08-30,AAPL,55.8125,57.064998626708984,55.599998474121094,56.25749969482422,53.160701751708984,195175200
2018-08-31,AAPL,56.627498626708984,57.217498779296875,56.5,56.907501220703125,53.77492141723633,173360400
2018-09-04,AAPL,57.102500915527344,57.29499816894531,56.657501220703125,57.09000015258789,53.94736862182617,109560400
2018-09-05,AAPL,57.247501373291016,57.41749954223633,56.275001525878906,56.717498779296875,53.595375061035156,133332000
2018-09-06,AAPL,56.557498931884766,56.837501525878906,55.32500076293945,55.775001525878906,52.704769134521484,137160000
2018-09-07,AAPL,55.462501525878906,56.342498779296875,55.1775016784668,55.32500076293945,52.27953338623047,150479200
2018-09-10,AAPL,55.23749923706055,55.462501525878906,54.11750030517578,54.58250045776367,51.57789993286133,158066000
2018-09-11,AAPL,54.502498626708984,56.07500076293945,54.13999938964844,55.962501525878906,52.88194274902344,142996000
2018-09-12,AAPL,56.23500061035156,56.25,54.959999084472656,55.26750183105469,52.22519302368164,197114800
2018-09-13,AAPL,55.880001068115234,57.087501525878906,55.64250183105469,56.602500915527344,53.48671340942383,166825600
2018-09-14,AAPL,56.4375,56.709999084472656,55.630001068115234,55.959999084472656,52.87956619262695,127997200
2018-09-17,AAPL,55.537498474121094,55.73749923706055,54.317501068115234,54.470001220703125,51.47158432006836,148780400
2018-09-18,AAPL,54.4474983215332,55.462501525878906,54.279998779296875,54.560001373291016,51.556636810302734,126286800
2018-09-19,AAPL,54.625,54.904998779296875,53.82500076293945,54.592498779296875,51.58735275268555,108495200
2018-09-20,AAPL,55.060001373291016,55.56999969482422,54.787498474121094,55.00749969482422,51.9795036315918,106435200
2018-09-21,AAPL,55.19499969482422,55.34000015258789,54.3224983215332,54.415000915527344,51.41962432861328,384986800
2018-09-24,AAPL,54.20500183105469,55.314998626708984,54.157501220703125,55.1974983215332,52.1590576171875,110773600
2018-09-25,AAPL,54.9375,55.70500183105469,54.92499923706055,55.54750061035156,52.48978042602539,98217600
2018-09-26,AAPL,55.25,55.9375,54.939998626708984,55.10499954223633,52.07164001464844,95938800
2018-09-27,AAPL,55.95500183105469,56.61000061035156,55.8849983215332,56.23749923706055,53.14179611206055,120724800
2018-09-28,AAPL,56.1974983215332,56.459999084472656,56.005001068115234,56.435001373291016,53.328433990478516,91717600
2018-10-01,AAPL,56.98749923706055,57.35499954223633,56.587501525878906,56.814998626708984,53.6875114440918,94403200
2018-10-02,AAPL,56.8125,57.5,56.657501220703125,57.31999969482422,54.16470718383789,99152800
2018-10-03,AAPL,57.51250076293945,58.36750030517578,57.44499969482422,58.01750183105469,54.823814392089844,114619200
2018-10-04,AAPL,57.69499969482422,58.087501525878906,56.682498931884766,56.997501373291016,53.85995101928711,128168000
2018-10-05,AAPL,56.9900016784668,57.102500915527344,55.14500045776367,56.0724983215332,52.985877990722656,134322000
2018-10-08,AAPL,55.5525016784668,56.20000076293945,55.04999923706055,55.942501068115234,52.863040924072266,118655600
2018-10-09,AAPL,55.90999984741211,56.817501068115234,55.5625,56.717498779296875,53.595375061035156,107564000
2018-10-10,AAPL,56.3650016784668,56.587501525878906,54.01250076293945,54.09000015258789,51.11251449584961,167962400
2018-10-11,AAPL,53.630001068115234,54.875,53.08000183105469,53.61249923706055,50.661293029785156,212497600
2018-10-12,AAPL,55.10499954223633,55.720001220703125,54.209999084472656,55.52750015258789,52.47087860107422,161351600
2018-10-15,AAPL,55.290000915527344,55.45750045776367,54.317501068115234,54.34000015258789,51.348751068115234,123164000
2018-10-16,AAPL,54.73249816894531,55.747501373291016,54.189998626708984,55.537498474121094,52.4803352355957,116736000
2018-10-17,AAPL,55.57500076293945,55.65999984741211,54.834999084472656,55.29750061035156,52.253543853759766,91541600
2018-10-18,AAPL,54.46500015258789,54.935001373291016,53.25,54.005001068115234,51.032196044921875,130325200
2018-10-19,AAPL,54.51499938964844,55.314998626708984,54.35749816894531,54.82749938964844,51.809410095214844,132314800
2018-10-22,AAPL,54.9474983215332,55.84000015258789,54.73500061035156,55.162498474121094,52.12598419189453,115168400
2018-10-23,AAPL,53.95750045776367,55.8125,53.67499923706055,55.682498931884766,52.61736297607422,155071200
2018-10-24,AAPL,55.650001525878906,56.057498931884766,53.6349983215332,53.772499084472656,50.81248474121094,163702000
2018-10-25,AAPL,54.4275016784668,55.345001220703125,54.1875,54.95000076293945,51.925167083740234,119423200
2018-10-26,AAPL,53.974998474121094,55.04750061035156,53.16749954223633,54.07500076293945,51.09833908081055,189033600
2018-10-29,AAPL,54.79750061035156,54.92250061035156,51.522499084472656,53.060001373291016,50.13920974731445,183742000
2018-10-30,AAPL,52.787498474121094,53.79499816894531,52.317501068115234,53.32500076293945,50.389625549316406,146640000
2018-10-31,AAPL,54.220001220703125,55.11249923706055,54.154998779296875,54.71500015258789,51.70310974121094,153435600
2018-11-01,AAPL,54.76250076293945,55.59000015258789,54.20249938964844,55.55500030517578,52.49687194824219,233292800
2018-11-02,AAPL,52.38750076293945,53.412498474121094,51.35749816894531,51.869998931884766,49.01471710205078,365314800
2018-11-05,AAPL,51.07500076293945,51.09749984741211,49.54249954223633,50.397499084472656,47.623268127441406,264654800
2018-11-06,AAPL,50.47999954223633,51.18000030517578,50.42250061035156,50.942501068115234,48.138275146484375,127531600
2018-11-07,AAPL,51.49250030517578,52.51499938964844,51.032501220703125,52.48749923706055,49.59822082519531,133697600
2018-11-08,AAPL,52.494998931884766,52.529998779296875,51.6875,52.122501373291016,49.4251708984375,101450400
2018-11-09,AAPL,51.38750076293945,51.502498626708984,50.5625,51.11750030517578,48.47218704223633,137463200
2018-11-12,AAPL,49.75,49.962501525878906,48.4474983215332,48.54249954223633,46.030433654785156,204542000
2018-11-13,AAPL,47.907501220703125,49.29499816894531,47.86249923706055,48.057498931884766,45.57053756713867,187531600
2018-11-14,AAPL,48.474998474121094,48.619998931884766,46.48249816894531,46.70000076293945,44.28327941894531,243204000
2018-11-15,AAPL,47.09749984741211,47.99250030517578,46.724998474121094,47.852500915527344,45.37614059448242,185915200
2018-11-16,AAPL,47.625,48.74250030517578,47.3650016784668,48.38249969482422,45.878719329833984,147713200
2018-11-19,AAPL,47.5,47.67499923706055,46.247501373291016,46.46500015258789,44.06044387817383,167701200
2018-11-20,AAPL,44.592498779296875,45.36750030517578,43.877498626708984,44.244998931884766,41.95532989501953,271300800
2018-11-21,AAPL,44.932498931884766,45.067501068115234,44.13750076293945,44.19499969482422,41.90790939331055,124496800
2018-11-23,AAPL,43.73500061035156,44.150001525878906,43.025001525878906,43.0724983215332,40.8434944152832,94496000
2018-11-26,AAPL,43.560001373291016,43.73749923706055,42.564998626708984,43.654998779296875,41.395870208740234,179994000
2018-11-27,AAPL,42.877498626708984,43.692501068115234,42.720001220703125,43.560001373291016,41.3057861328125,165549600
2018-11-28,AAPL,44.182498931884766,45.3224983215332,43.73249816894531,45.23500061035156,42.89410400390625,184250000
2018-11-29,AAPL,45.665000915527344,45.70000076293945,44.42499923706055,44.88750076293945,42.564579010009766,167080000
2018-11-30,AAPL,45.0724983215332,45.08250045776367,44.25749969482422,44.64500045776367,42.334632873535156,158126000
2018-12-03,AAPL,46.1150016784668,46.23500061035156,45.3025016784668,46.20500183105469,43.813907623291016,163210000
2018-12-04,AAPL,45.23749923706055,45.59749984741211,44.067501068115234,44.17250061035156,41.88657760620117,165377200
2018-12-06,AAPL,42.939998626708984,43.69499969482422,42.60499954223633,43.68000030517578,41.41956329345703,172393600
2018-12-07,AAPL,43.372501373291016,43.622501373291016,42.07500076293945,42.122501373291016,39.94267654418945,169126400
2018-12-10,AAPL,41.25,42.522499084472656,40.83250045776367,42.400001525878906,40.205810546875,248104000
2018-12-11,AAPL,42.915000915527344,42.9474983215332,41.75,42.157501220703125,39.975860595703125,189126800
2018-12-12,AAPL,42.599998474121094,42.97999954223633,42.255001068115234,42.275001525878906,40.08727264404297,142510800
2018-12-13,AAPL,42.622501373291016,43.14250183105469,42.38750076293945,42.73749923706055,40.525840759277344,127594400
2018-12-14,AAPL,42.25,42.27000045776367,41.31999969482422,41.369998931884766,39.2291145324707,162814800
2018-12-17,AAPL,41.36249923706055,42.087501525878906,40.682498931884766,40.98500061035156,38.864036560058594,177151600
2018-12-18,AAPL,41.345001220703125,41.88249969482422,41.09749984741211,41.51750183105469,39.36897277832031,135366000
2018-12-19,AAPL,41.5,41.86249923706055,39.772499084472656,40.22249984741211,38.14098358154297,196189200
2018-12-20,AAPL,40.099998474121094,40.52750015258789,38.82500076293945,39.20750045776367,37.178524017333984,259092000
2018-12-21,AAPL,39.21500015258789,39.540000915527344,37.407501220703125,37.682498931884766,35.73244094848633,382978400
2018-12-24,AAPL,37.037498474121094,37.88750076293945,36.647499084472656,36.70750045776367,34.807899475097656,148676800
2018-12-26,AAPL,37.07500076293945,39.307498931884766,36.68000030517578,39.29249954223633,37.25912094116211,234330000
2018-12-27,AAPL,38.959999084472656,39.192501068115234,37.51750183105469,39.037498474121094,37.017311096191406,212468400
2018-12-28,AAPL,39.375,39.630001068115234,38.63750076293945,39.057498931884766,37.036285400390625,169165600
2018-12-31,AAPL,39.63249969482422,39.84000015258789,39.119998931884766,39.435001373291016,37.394248962402344,140014000
2019-01-02,AAPL,38.72249984741211,39.712501525878906,38.557498931884766,39.47999954223633,37.43692398071289,148158800
2019-01-03,AAPL,35.994998931884766,36.43000030517578,35.5,35.54750061035156,33.70792770385742,365248800
2019-01-04,AAPL,36.13249969482422,37.13750076293945,35.95000076293945,37.064998626708984,35.14690017700195,234428400
2019-01-07,AAPL,37.17499923706055,37.20750045776367,36.474998474121094,36.98249816894531,35.06866455078125,219111200
2019-01-08,AAPL,37.38999938964844,37.95500183105469,37.130001068115234,37.6875,35.737186431884766,164101200
2019-01-09,AAPL,37.8224983215332,38.63249969482422,37.407501220703125,38.32749938964844,36.34406661987305,180396400
2019-01-10,AAPL,38.125,38.49250030517578,37.71500015258789,38.45000076293945,36.46022415161133,143122800
2019-01-11,AAPL,38.220001220703125,38.42499923706055,37.877498626708984,38.0724983215332,36.10224914550781,108092800
2019-01-14,AAPL,37.712501525878906,37.817501068115234,37.30500030517578,37.5,35.55937957763672,129756800
2019-01-15,AAPL,37.567501068115234,38.34749984741211,37.51250076293945,38.26750183105469,36.287166595458984,114843600
2019-01-16,AAPL,38.27000045776367,38.970001220703125,38.25,38.73500061035156,36.73046875,122278800
2019-01-17,AAPL,38.54999923706055,39.415000915527344,38.314998626708984,38.96500015258789,36.948577880859375,119284800
2019-01-18,AAPL,39.375,39.470001220703125,38.994998931884766,39.20500183105469,37.176151275634766,135004000
2019-01-22,AAPL,39.102500915527344,39.182498931884766,38.154998779296875,38.32500076293945,36.34169387817383,121576000
2019-01-23,AAPL,38.537498474121094,38.78499984741211,37.92499923706055,38.47999954223633,36.488670349121094,92522400
2019-01-24,AAPL,38.52750015258789,38.619998931884766,37.935001373291016,38.17499923706055,36.19944763183594,101766000
2019-01-25,AAPL,38.869998931884766,39.532501220703125,38.58000183105469,39.439998626708984,37.398983001708984,134142000
2019-01-28,AAPL,38.9474983215332,39.08250045776367,38.415000915527344,39.07500076293945,37.05288314819336,104768400
2019-01-29,AAPL,39.0625,39.532501220703125,38.52750015258789,38.66999816894531,36.66884231567383,166348800
2019-01-30,AAPL,40.8125,41.537498474121094,40.057498931884766,41.3125,39.17457962036133,244439200
2019-01-31,AAPL,41.52750015258789,42.25,41.13999938964844,41.61000061035156,39.456687927246094,162958400
2019-02-01,AAPL,41.7400016784668,42.244998931884766,41.48249816894531,41.630001068115234,39.47565841674805,130672400
2019-02-04,AAPL,41.852500915527344,42.915000915527344,41.81999969482422,42.8125,40.596961975097656,125982000
2019-02-05,AAPL,43.21500015258789,43.77000045776367,43.087501525878906,43.54499816894531,41.29154586791992,144406400
2019-02-06,AAPL,43.662498474121094,43.89250183105469,43.212501525878906,43.560001373291016,41.3057861328125,112958400
2019-02-07,AAPL,43.099998474121094,43.48500061035156,42.584999084472656,42.73500061035156,40.523475646972656,126966800
2019-02-08,AAPL,42.247501373291016,42.665000915527344,42.10499954223633,42.602500915527344,40.571083068847656,95280000
2019-02-11,AAPL,42.76250076293945,42.8025016784668,42.3125,42.35749816894531,40.337772369384766,83973600
2019-02-12,AAPL,42.525001525878906,42.75,42.42499923706055,42.72249984741211,40.685367584228516,89134000
2019-02-13,AAPL,42.84749984741211,43.119998931884766,42.47999954223633,42.54499816894531,40.516326904296875,89960800
2019-02-14,AAPL,42.4275016784668,42.814998626708984,42.345001220703125,42.70000076293945,40.663936614990234,87342800
2019-02-15,AAPL,42.8125,42.92499923706055,42.4375,42.60499954223633,40.5734748840332,98507200
2019-02-19,AAPL,42.4275016784668,42.86000061035156,42.372501373291016,42.73249816894531,40.69489669799805,75891200
2019-02-20,AAPL,42.79750061035156,43.33000183105469,42.747501373291016,43.00749969482422,40.95676803588867,104457600
2019-02-21,AAPL,42.95000076293945,43.092498779296875,42.57500076293945,42.76499938964844,40.725833892822266,68998800
2019-02-22,AAPL,42.89500045776367,43.25,42.845001220703125,43.24250030517578,41.18057632446289,75652800
2019-02-25,AAPL,43.540000915527344,43.967498779296875,43.48749923706055,43.557498931884766,41.480552673339844,87493600
2019-02-26,AAPL,43.4275016784668,43.82500076293945,43.29249954223633,43.58250045776367,41.504364013671875,68280800
2019-02-27,AAPL,43.3025016784668,43.75,43.182498931884766,43.717498779296875,41.63291931152344,111341600
2019-02-28,AAPL,43.58000183105469,43.727500915527344,43.22999954223633,43.287498474121094,41.22343444824219,112861600
2019-03-01,AAPL,43.56999969482422,43.787498474121094,43.22249984741211,43.74250030517578,41.65673065185547,103544800
2019-03-04,AAPL,43.92250061035156,44.4375,43.49250030517578,43.962501525878906,41.866241455078125,109744800
2019-03-05,AAPL,43.98500061035156,44.0,43.6349983215332,43.88249969482422,41.79005432128906,78949600
2019-03-06,AAPL,43.66749954223633,43.872501373291016,43.48500061035156,43.630001068115234,41.54959487915039,83241600
2019-03-07,AAPL,43.467498779296875,43.61000061035156,43.005001068115234,43.125,41.06867599487305,99185600
2019-03-08,AAPL,42.58000183105469,43.26750183105469,42.375,43.227500915527344,41.16627502441406,95997600
2019-03-11,AAPL,43.872501373291016,44.779998779296875,43.837501525878906,44.724998474121094,42.59237289428711,128044000
2019-03-12,AAPL,45.0,45.66749954223633,44.842498779296875,45.227500915527344,43.0709228515625,129870400
2019-03-13,AAPL,45.5625,45.82500076293945,45.22999954223633,45.4275016784668,43.261390686035156,124130000
2019-03-14,AAPL,45.974998474121094,46.025001525878906,45.63999938964844,45.932498931884766,43.742305755615234,94318000
2019-03-15,AAPL,46.212501525878906,46.83250045776367,45.935001373291016,46.529998779296875,44.31132125854492,156171600
2019-03-18,AAPL,46.45000076293945,47.09749984741211,46.4474983215332,47.005001068115234,44.7636604309082,104879200
2019-03-19,AAPL,47.087501525878906,47.247501373291016,46.47999954223633,46.63249969482422,44.40892028808594,126585600
2019-03-20,AAPL,46.557498931884766,47.372501373291016,46.182498931884766,47.040000915527344,44.7969970703125,124140800
2019-03-21,AAPL,47.505001068115234,49.08250045776367,47.45249938964844,48.772499084472656,46.44688034057617,204136800
2019-03-22,AAPL,48.834999084472656,49.42250061035156,47.69499969482422,47.76250076293945,45.48506164550781,169630800
2019-03-25,AAPL,47.877498626708984,47.994998931884766,46.650001525878906,47.185001373291016,44.9350700378418,175381200
2019-03-26,AAPL,47.915000915527344,48.220001220703125,46.14500045776367,46.6974983215332,44.4708251953125,199202000
2019-03-27,AAPL,47.1875,47.439998626708984,46.63750076293945,47.11750030517578,44.87080001831055,119393600
2019-03-28,AAPL,47.23749923706055,47.38999938964844,46.88249969482422,47.18000030517578,44.93031692504883,83121600
2019-03-29,AAPL,47.45750045776367,47.52000045776367,47.1349983215332,47.48749923706055,45.22315979003906,94256000
2019-04-01,AAPL,47.90999984741211,47.91999816894531,47.095001220703125,47.810001373291016,45.530277252197266,111448000
2019-04-02,AAPL,47.772499084472656,48.6150016784668,47.76250076293945,48.505001068115234,46.1921272277832,91062800
2019-04-03,AAPL,48.3125,49.125,48.287498474121094,48.837501525878906,46.508785247802734,93087200
2019-04-04,AAPL,48.6974983215332,49.092498779296875,48.28499984741211,48.92250061035156,46.589744567871094,76457200
2019-04-05,AAPL,49.11249923706055,49.275001525878906,48.98249816894531,49.25,46.90161895751953,74106400
2019-04-08,AAPL,49.10499954223633,50.057498931884766,49.084999084472656,50.025001525878906,47.63966751098633,103526800
2019-04-09,AAPL,50.08000183105469,50.712501525878906,49.807498931884766,49.875,47.49680709838867,143072800
2019-04-10,AAPL,49.66999816894531,50.185001373291016,49.54499816894531,50.154998779296875,47.76346206665039,86781200
2019-04-11,AAPL,50.212501525878906,50.25,49.61000061035156,49.73749923706055,47.36586380004883,83603200
2019-04-12,AAPL,49.79999923706055,50.03499984741211,49.0525016784668,49.717498779296875,47.34682083129883,111042800
2019-04-15,AAPL,49.64500045776367,49.962501525878906,49.502498626708984,49.807498931884766,47.432525634765625,70146400
2019-04-16,AAPL,49.8650016784668,50.342498779296875,49.63999938964844,49.8125,47.43730545043945,102785600
2019-04-17,AAPL,49.8849983215332,50.845001220703125,49.65250015258789,50.782501220703125,48.361045837402344,115627200
2019-04-18,AAPL,50.779998779296875,51.037498474121094,50.630001068115234,50.96500015258789,48.53483581542969,96783200
2019-04-22,AAPL,50.70750045776367,51.23500061035156,50.584999084472656,51.13249969482422,48.69435501098633,77758000
2019-04-23,AAPL,51.10749816894531,51.9375,50.974998474121094,51.869998931884766,49.39668273925781,93292000
2019-04-24,AAPL,51.84000015258789,52.119998931884766,51.76250076293945,51.790000915527344,49.320491790771484,70162400
2019-04-25,AAPL,51.70750045776367,51.939998626708984,51.279998779296875,51.31999969482422,48.87291717529297,74172800
2019-04-26,AAPL,51.224998474121094,51.25,50.529998779296875,51.07500076293945,48.63958740234375,74596400
2019-04-29,AAPL,51.099998474121094,51.49250030517578,50.96500015258789,51.15250015258789,48.71339416503906,88818800
2019-04-30,AAPL,50.76499938964844,50.849998474121094,49.77750015258789,50.16749954223633,47.77536392211914,186139600
2019-05-01,AAPL,52.470001220703125,53.82749938964844,52.307498931884766,52.630001068115234,50.120445251464844,259309200
2019-05-02,AAPL,52.459999084472656,53.162498474121094,52.032501220703125,52.287498474121094,49.794273376464844,127985200
2019-05-03,AAPL,52.72249984741211,52.959999084472656,52.557498931884766,52.9375,50.41327667236328,83569600
2019-05-06,AAPL,51.0724983215332,52.209999084472656,50.875,52.119998931884766,49.63475799560547,129772400
2019-05-07,AAPL,51.470001220703125,51.85499954223633,50.20750045776367,50.71500015258789,48.2967643737793,155054800
2019-05-08,AAPL,50.474998474121094,51.334999084472656,50.4375,50.724998474121094,48.30628204345703,105358000
2019-05-09,AAPL,50.099998474121094,50.41999816894531,49.165000915527344,50.18000030517578,47.78727340698242,139634400
2019-05-10,AAPL,49.35499954223633,49.712501525878906,48.192501068115234,49.29499816894531,47.12525177001953,164834800
2019-05-13,AAPL,46.9275016784668,47.369998931884766,45.712501525878906,46.43000030517578,44.386356353759766,229722400
2019-05-14,AAPL,46.602500915527344,47.42499923706055,46.352500915527344,47.165000915527344,45.0890007019043,146118800
2019-05-15,AAPL,46.567501068115234,47.9375,46.505001068115234,47.72999954223633,45.629150390625,106178800
2019-05-16,AAPL,47.477500915527344,48.11750030517578,47.209999084472656,47.52000045776367,45.42837142944336,132125600
2019-05-17,AAPL,46.73249816894531,47.724998474121094,46.689998626708984,47.25,45.17027282714844,131516400
2019-05-20,AAPL,45.880001068115234,46.087501525878906,45.06999969482422,45.772499084472656,43.75779342651367,154449200
2019-05-21,AAPL,46.30500030517578,47.0,46.17499923706055,46.650001525878906,44.596675872802734,113459200
2019-05-22,AAPL,46.165000915527344,46.4275016784668,45.63750076293945,45.69499969482422,43.68370056152344,118994400
2019-05-23,AAPL,44.95000076293945,45.1349983215332,44.45249938964844,44.915000915527344,42.938045501708984,146118800
2019-05-24,AAPL,45.04999923706055,45.53499984741211,44.654998779296875,44.74250030517578,42.773136138916016,94858800
2019-05-28,AAPL,44.72999954223633,45.147499084472656,44.477500915527344,44.557498931884766,42.59626770019531,111792800
2019-05-29,AAPL,44.10499954223633,44.837501525878906,44.0,44.345001220703125,42.393123626708984,113924800
2019-05-30,AAPL,44.48749923706055,44.807498931884766,44.16749954223633,44.57500076293945,42.61300277709961,84873600
2019-05-31,AAPL,44.057498931884766,44.497501373291016,43.747501373291016,43.76750183105469,41.84105682373047,108174400
2019-06-03,AAPL,43.900001525878906,44.47999954223633,42.567501068115234,43.32500076293945,41.41801452636719,161584400
2019-06-04,AAPL,43.86000061035156,44.95750045776367,43.630001068115234,44.90999984741211,42.933265686035156,123872000
2019-06-05,AAPL,46.06999969482422,46.247501373291016,45.28499984741211,45.6349983215332,43.6263427734375,119093600
2019-06-06,AAPL,45.77000045776367,46.36750030517578,45.537498474121094,46.30500030517578,44.266849517822266,90105200
2019-06-07,AAPL,46.627498626708984,47.97999954223633,46.442501068115234,47.537498474121094,45.445106506347656,122737600
2019-06-10,AAPL,47.95249938964844,48.842498779296875,47.904998779296875,48.14500045776367,46.0258674621582,104883600
2019-06-11,AAPL,48.71500015258789,49.0,48.400001525878906,48.70249938964844,46.558834075927734,107731600
2019-06-12,AAPL,48.48749923706055,48.99250030517578,48.34749984741211,48.54750061035156,46.41065216064453,73012800
2019-06-13,AAPL,48.67499923706055,49.1974983215332,48.400001525878906,48.537498474121094,46.40109634399414,86698400
2019-06-14,AAPL,47.88750076293945,48.397499084472656,47.57500076293945,48.185001373291016,46.0640983581543,75046000
2019-06-17,AAPL,48.224998474121094,48.7400016784668,48.04249954223633,48.47249984741211,46.33895492553711,58676400
2019-06-18,AAPL,49.01250076293945,50.0724983215332,48.8025016784668,49.61249923706055,47.42877960205078,106204000
2019-06-19,AAPL,49.91999816894531,49.970001220703125,49.32749938964844,49.467498779296875,47.2901496887207,84496800
2019-06-20,AAPL,50.092498779296875,50.15250015258789,49.50749969482422,49.8650016784668,47.670162200927734,86056000
2019-06-21,AAPL,49.70000076293945,50.212501525878906,49.537498474121094,49.69499969482422,47.50763702392578,191202400
2019-06-24,AAPL,49.6349983215332,50.040000915527344,49.54249954223633,49.64500045776367,47.45985794067383,72881600
2019-06-25,AAPL,49.60749816894531,49.814998626708984,48.8224983215332,48.89250183105469,46.74046325683594,84281200
2019-06-26,AAPL,49.442501068115234,50.247501373291016,49.337501525878906,49.95000076293945,47.75143051147461,104270000
2019-06-27,AAPL,50.0724983215332,50.39250183105469,49.89250183105469,49.935001373291016,47.73709487915039,83598800
2019-06-28,AAPL,49.66999816894531,49.875,49.26250076293945,49.47999954223633,47.302101135253906,124442400
2019-07-01,AAPL,50.79249954223633,51.122501373291016,50.162498474121094,50.38750076293945,48.1696662902832,109012000
2019-07-02,AAPL,50.352500915527344,50.782501220703125,50.34000015258789,50.682498931884766,48.45167541503906,67740800
2019-07-03,AAPL,50.81999969482422,51.11000061035156,50.67250061035156,51.102500915527344,48.85319519042969,45448000
2019-07-05,AAPL,50.837501525878906,51.27000045776367,50.724998474121094,51.057498931884766,48.8101692199707,69062000
2019-07-08,AAPL,50.20249938964844,50.349998474121094,49.602500915527344,50.005001068115234,47.80399703979492,101354400
2019-07-09,AAPL,49.79999923706055,50.377498626708984,49.70249938964844,50.310001373291016,48.095584869384766,82312000
2019-07-10,AAPL,50.462501525878906,50.932498931884766,50.38999938964844,50.807498931884766,48.571170806884766,71588400
2019-07-11,AAPL,50.82749938964844,51.09749984741211,50.4275016784668,50.4375,48.217464447021484,80767200
2019-07-12,AAPL,50.61249923706055,51.0,50.54999923706055,50.82500076293945,48.58790969848633,70380800
2019-07-15,AAPL,51.022499084472656,51.467498779296875,51.0,51.3025016784668,49.044395446777344,67789600
2019-07-16,AAPL,51.147499084472656,51.52750015258789,50.875,51.125,48.87468719482422,67467200
2019-07-17,AAPL,51.01250076293945,51.272499084472656,50.817501068115234,50.837501525878906,48.599857330322266,56430000
2019-07-18,AAPL,51.0,51.470001220703125,50.92499923706055,51.415000915527344,49.151939392089844,74162400
2019-07-19,AAPL,51.4474983215332,51.625,50.59000015258789,50.647499084472656,48.418209075927734,83717200
2019-07-22,AAPL,50.912498474121094,51.807498931884766,50.90250015258789,51.80500030517578,49.52476119995117,89111600
2019-07-23,AAPL,52.1150016784668,52.227500915527344,51.8224983215332,52.209999084472656,49.911956787109375,73420800
2019-07-24,AAPL,51.91749954223633,52.287498474121094,51.79249954223633,52.16749954223633,49.871299743652344,59966400
2019-07-25,AAPL,52.22249984741211,52.310001373291016,51.682498931884766,51.755001068115234,49.476966857910156,55638400
2019-07-26,AAPL,51.869998931884766,52.432498931884766,51.78499984741211,51.935001373291016,49.6490478515625,70475600
2019-07-29,AAPL,52.1150016784668,52.65999984741211,52.11000061035156,52.41999816894531,50.11269760131836,86693600
2019-07-30,AAPL,52.189998626708984,52.540000915527344,51.82749938964844,52.19499969482422,49.89760971069336,135742800
2019-07-31,AAPL,54.10499954223633,55.342498779296875,52.82500076293945,53.2599983215332,50.915733337402344,277125600
2019-08-01,AAPL,53.474998474121094,54.50749969482422,51.685001373291016,52.10749816894531,49.81395721435547,216071600
2019-08-02,AAPL,51.38249969482422,51.60749816894531,50.407501220703125,51.005001068115234,48.75998306274414,163448400
2019-08-05,AAPL,49.497501373291016,49.662498474121094,48.14500045776367,48.334999084472656,46.2075080871582,209572000
2019-08-06,AAPL,49.07749938964844,49.51750183105469,48.5099983215332,49.25,47.08224105834961,143299200
2019-08-07,AAPL,48.852500915527344,49.88999938964844,48.45500183105469,49.7599983215332,47.56979751586914,133457600
2019-08-08,AAPL,50.04999923706055,50.88249969482422,49.84749984741211,50.85749816894531,48.61896896362305,108038000
2019-08-09,AAPL,50.32500076293945,50.689998626708984,49.8224983215332,50.247501373291016,48.21833038330078,98478800
2019-08-12,AAPL,49.904998779296875,50.51250076293945,49.787498474121094,50.119998931884766,48.09598922729492,89927600
2019-08-13,AAPL,50.255001068115234,53.03499984741211,50.119998931884766,52.24250030517578,50.13277053833008,188874000
2019-08-14,AAPL,50.790000915527344,51.61000061035156,50.647499084472656,50.6875,48.64057540893555,146189600
2019-08-15,AAPL,50.8650016784668,51.28499984741211,49.91749954223633,50.435001373291016,48.39826202392578,108909600
2019-08-16,AAPL,51.06999969482422,51.790000915527344,50.959999084472656,51.625,49.54021453857422,110481600
2019-08-19,AAPL,52.654998779296875,53.182498931884766,52.50749969482422,52.587501525878906,50.46384048461914,97654400
2019-08-20,AAPL,52.720001220703125,53.337501525878906,52.58000183105469,52.59000015258789,50.466243743896484,107537200
2019-08-21,AAPL,53.247501373291016,53.412498474121094,52.900001525878906,53.15999984741211,51.013214111328125,86141600
2019-08-22,AAPL,53.29750061035156,53.61000061035156,52.6875,53.1150016784668,50.97004318237305,89014800
2019-08-23,AAPL,52.35749816894531,53.01250076293945,50.25,50.65999984741211,48.61418533325195,187272000
2019-08-26,AAPL,51.46500015258789,51.79750061035156,51.26499938964844,51.622501373291016,49.537803649902344,104174400
2019-08-27,AAPL,51.96500015258789,52.13750076293945,50.88249969482422,51.040000915527344,48.97883224487305,103493200
2019-08-28,AAPL,51.025001525878906,51.43000030517578,50.83000183105469,51.38249969482422,49.3074951171875,63755200
2019-08-29,AAPL,52.125,52.33000183105469,51.665000915527344,52.252498626708984,50.14236831665039,83962000
2019-08-30,AAPL,52.540000915527344,52.61249923706055,51.79999923706055,52.185001373291016,50.07759475708008,84573600
2019-09-03,AAPL,51.60749816894531,51.744998931884766,51.05500030517578,51.42499923706055,49.348289489746094,80092000
2019-09-04,AAPL,52.09749984741211,52.369998931884766,51.83000183105469,52.29750061035156,50.185550689697266,76752400
2019-09-05,AAPL,53.0,53.49250030517578,52.877498626708984,53.31999969482422,51.16675567626953,95654800
2019-09-06,AAPL,53.51250076293945,53.60499954223633,53.127498626708984,53.314998626708984,51.161956787109375,77449200
2019-09-09,AAPL,53.709999084472656,54.11000061035156,52.76750183105469,53.54249954223633,51.38026809692383,109237600
2019-09-10,AAPL,53.46500015258789,54.19499969482422,52.9275016784668,54.17499923706055,51.98722457885742,127111600
2019-09-11,AAPL,54.51750183105469,55.9275016784668,54.432498931884766,55.897499084472656,53.64018249511719,177158400
2019-09-12,AAPL,56.20000076293945,56.60499954223633,55.71500015258789,55.772499084472656,53.52021789550781,128906800
2019-09-13,AAPL,55.0,55.1974983215332,54.255001068115234,54.6875,52.47903823852539,159053200
2019-09-16,AAPL,54.432498931884766,55.032501220703125,54.38999938964844,54.974998474121094,52.754920959472656,84632400
2019-09-17,AAPL,54.9900016784668,55.20500183105469,54.779998779296875,55.17499923706055,52.94684600830078,73274800
2019-09-18,AAPL,55.26499938964844,55.712501525878906,54.86000061035156,55.692501068115234,53.443450927734375,101360000
2019-09-19,AAPL,55.502498626708984,55.939998626708984,55.092498779296875,55.2400016784668,53.00921630859375,88242400
2019-09-20,AAPL,55.345001220703125,55.63999938964844,54.36750030517578,54.432498931884766,52.23432540893555,221652400
2019-09-23,AAPL,54.73749923706055,54.959999084472656,54.412498474121094,54.68000030517578,52.47183609008789,76662000
2019-09-24,AAPL,55.25749969482422,55.622501373291016,54.29750061035156,54.41999816894531,52.22233963012695,124763200
2019-09-25,AAPL,54.63750076293945,55.375,54.28499984741211,55.25749969482422,53.02602005004883,87613600
2019-09-26,AAPL,55.0,55.23500061035156,54.70750045776367,54.97249984741211,52.75251770019531,75334000
2019-09-27,AAPL,55.1349983215332,55.2400016784668,54.31999969482422,54.70500183105469,52.49583053588867,101408000
2019-09-30,AAPL,55.224998474121094,56.14500045776367,55.1974983215332,55.99250030517578,53.73133087158203,103909600
2019-10-01,AAPL,56.26750183105469,57.05500030517578,56.04999923706055,56.147499084472656,53.880062103271484,139223200
2019-10-02,AAPL,55.76499938964844,55.89500045776367,54.48249816894531,54.7400016784668,52.52940368652344,138449200
2019-10-03,AAPL,54.60749816894531,55.2400016784668,53.782501220703125,55.20500183105469,52.97563552856445,114426000
2019-10-04,AAPL,56.40999984741211,56.872501373291016,55.97249984741211,56.752498626708984,54.46063995361328,138478800
2019-10-07,AAPL,56.567501068115234,57.48249816894531,56.459999084472656,56.76499938964844,54.472633361816406,122306000
2019-10-08,AAPL,56.45500183105469,57.01499938964844,56.08250045776367,56.099998474121094,53.83448791503906,111820000
2019-10-09,AAPL,56.75749969482422,56.9474983215332,56.40999984741211,56.75749969482422,54.46543884277344,74770400
2019-10-10,AAPL,56.98249816894531,57.61000061035156,56.82500076293945,57.522499084472656,55.199546813964844,113013600
2019-10-11,AAPL,58.23749923706055,59.40999984741211,58.07749938964844,59.0525016784668,56.66775894165039,166795600
2019-10-14,AAPL,58.724998474121094,59.532501220703125,58.66749954223633,58.967498779296875,56.58619689941406,96427600
2019-10-15,AAPL,59.09749984741211,59.412498474121094,58.720001220703125,58.83000183105469,56.45424270629883,87360000
2019-10-16,AAPL,58.342498779296875,58.810001373291016,58.29999923706055,58.592498779296875,56.22633361816406,73903200
2019-10-17,AAPL,58.772499084472656,59.037498474121094,58.380001068115234,58.81999969482422,56.44465255737305,67585200
2019-10-18,AAPL,58.647499084472656,59.39500045776367,58.5724983215332,59.102500915527344,56.71574401855469,97433600
2019-10-21,AAPL,59.380001068115234,60.247501373291016,59.33000183105469,60.127498626708984,57.6993408203125,87247200
2019-10-22,AAPL,60.290000915527344,60.54999923706055,59.904998779296875,59.9900016784668,57.56739807128906,82293600
2019-10-23,AAPL,60.525001525878906,60.810001373291016,60.30500030517578,60.79499816894531,58.33988952636719,75828800
2019-10-24,AAPL,61.127498626708984,61.20000076293945,60.45249938964844,60.89500045776367,58.43585205078125,69275200
2019-10-25,AAPL,60.790000915527344,61.682498931884766,60.720001220703125,61.64500045776367,59.15556716918945,73477200
2019-10-28,AAPL,61.85499954223633,62.3125,61.68000030517578,62.26250076293945,59.74812698364258,96572800
2019-10-29,AAPL,62.24250030517578,62.4375,60.64250183105469,60.8224983215332,58.36627960205078,142839600
2019-10-30,AAPL,61.189998626708984,61.32500076293945,60.3025016784668,60.814998626708984,58.35908126831055,124522000
2019-10-31,AAPL,61.810001373291016,62.29249954223633,59.314998626708984,62.189998626708984,59.678558349609375,139162000
2019-11-01,AAPL,62.3849983215332,63.98249816894531,62.290000915527344,63.95500183105469,61.372283935546875,151125200
2019-11-04,AAPL,64.3324966430664,64.4625015258789,63.845001220703125,64.375,61.77532196044922,103272000
2019-11-05,AAPL,64.26249694824219,64.54750061035156,64.08000183105469,64.28250122070312,61.68656539916992,79897600
2019-11-06,AAPL,64.19249725341797,64.37249755859375,63.842498779296875,64.30999755859375,61.71294403076172,75864400
2019-11-07,AAPL,64.68499755859375,65.0875015258789,64.52749633789062,64.85749816894531,62.4251823425293,94940400
2019-11-08,AAPL,64.67250061035156,65.11000061035156,64.2125015258789,65.03500366210938,62.596031188964844,69986400
2019-11-11,AAPL,64.57499694824219,65.61750030517578,64.56999969482422,65.55000305175781,63.09172821044922,81821200
2019-11-12,AAPL,65.38749694824219,65.69750213623047,65.2300033569336,65.48999786376953,63.03398132324219,87388800
2019-11-13,AAPL,65.28250122070312,66.19499969482422,65.26750183105469,66.11750030517578,63.637939453125,102734400
2019-11-14,AAPL,65.9375,66.22000122070312,65.5250015258789,65.66000366210938,63.197593688964844,89182800
2019-11-15,AAPL,65.91999816894531,66.44499969482422,65.75250244140625,66.44000244140625,63.94834518432617,100206400
2019-11-18,AAPL,66.44999694824219,66.85749816894531,66.05750274658203,66.7750015258789,64.2707748413086,86703200
2019-11-19,AAPL,66.9749984741211,67.0,66.34750366210938,66.57250213623047,64.07588195800781,76167200
2019-11-20,AAPL,66.38500213623047,66.5199966430664,65.0999984741211,65.79750061035156,63.32993698120117,106234400
2019-11-21,AAPL,65.92250061035156,66.00250244140625,65.29499816894531,65.50250244140625,63.0460090637207,121395200
2019-11-22,AAPL,65.64749908447266,65.79499816894531,65.20999908447266,65.44499969482422,62.99065017700195,65325200
2019-11-25,AAPL,65.67749786376953,66.61000061035156,65.62999725341797,66.59249877929688,64.09512329101562,84020400
2019-11-26,AAPL,66.73500061035156,66.79000091552734,65.625,66.07250213623047,63.59463882446289,105207600
2019-11-27,AAPL,66.3949966430664,66.99500274658203,66.32749938964844,66.95999908447266,64.4488525390625,65235600
2019-11-29,AAPL,66.6500015258789,67.0,66.4749984741211,66.8125,64.30689239501953,46617600
2019-12-02,AAPL,66.81749725341797,67.0625,65.86250305175781,66.04000091552734,63.563331604003906,94487200
2019-12-03,AAPL,64.57749938964844,64.88249969482422,64.07250213623047,64.86250305175781,62.43000411987305,114430400
2019-12-04,AAPL,65.26750183105469,65.82749938964844,65.16999816894531,65.43499755859375,62.98103332519531,67181600
2019-12-05,AAPL,65.94750213623047,66.47250366210938,65.68250274658203,66.3949966430664,63.90501403808594,74424400
2019-12-06,AAPL,66.87000274658203,67.75,66.82499694824219,67.67749786376953,65.13939666748047,106075600
2019-12-09,AAPL,67.5,67.69999694824219,66.22750091552734,66.7300033569336,64.22747802734375,128042400
2019-12-10,AAPL,67.1500015258789,67.51750183105469,66.46499633789062,67.12000274658203,64.60286712646484,90420400
2019-12-11,AAPL,67.20249938964844,67.7750015258789,67.125,67.69249725341797,65.15386962890625,78756800
2019-12-12,AAPL,66.94499969482422,68.13999938964844,66.83000183105469,67.86499786376953,65.31990051269531,137310400
2019-12-13,AAPL,67.86499786376953,68.82499694824219,67.73249816894531,68.7874984741211,66.20779418945312,133587600
2019-12-16,AAPL,69.25,70.19750213623047,69.24500274658203,69.96499633789062,67.34114837646484,128186000
2019-12-17,AAPL,69.89250183105469,70.44249725341797,69.69999694824219,70.10250091552734,67.47348022460938,114158400
2019-12-18,AAPL,69.94999694824219,70.4749984741211,69.77999877929688,69.93499755859375,67.31226348876953,116028400
2019-12-19,AAPL,69.875,70.29499816894531,69.73750305175781,70.00499725341797,67.37964630126953,98369200
2019-12-20,AAPL,70.55750274658203,70.6624984741211,69.63999938964844,69.86000061035156,67.24008178710938,275978000
2019-12-23,AAPL,70.13249969482422,71.0625,70.09249877929688,71.0,68.33733367919922,98572000
2019-12-24,AAPL,71.17250061035156,71.22250366210938,70.7300033569336,71.06749725341797,68.40229034423828,48478800
2019-12-26,AAPL,71.20500183105469,72.49500274658203,71.17500305175781,72.47750091552734,69.7594223022461,93121200
2019-12-27,AAPL,72.77999877929688,73.49250030517578,72.02999877929688,72.44999694824219,69.73294830322266,146266000
2019-12-30,AAPL,72.36499786376953,73.17250061035156,71.30500030517578,72.87999725341797,70.1468276977539,144114400
2019-12-31,AAPL,72.48249816894531,73.41999816894531,72.37999725341797,73.4124984741211,70.65937042236328,100805600
2020-01-02,AAPL,74.05999755859375,75.1500015258789,73.79750061035156,75.0875015258789,72.27152252197266,135480400
2020-01-03,AAPL,74.2874984741211,75.1449966430664,74.125,74.35749816894531,71.56891632080078,146322800
2020-01-06,AAPL,73.44750213623047,74.98999786376953,73.1875,74.94999694824219,72.13922119140625,118387200
2020-01-07,AAPL,74.95999908447266,75.2249984741211,74.37000274658203,74.59750366210938,71.7999267578125,108872000
2020-01-08,AAPL,74.29000091552734,76.11000061035156,74.29000091552734,75.79750061035156,72.95491027832031,132079200
2020-01-09,AAPL,76.80999755859375,77.60749816894531,76.55000305175781,77.40750122070312,74.50454711914062,170108400
2020-01-10,AAPL,77.6500015258789,78.1675033569336,77.0625,77.5824966430664,74.67295837402344,140644800
2020-01-13,AAPL,77.91000366210938,79.26750183105469,77.7874984741211,79.23999786376953,76.26829528808594,121532000
2020-01-14,AAPL,79.17500305175781,79.39250183105469,78.0425033569336,78.16999816894531,75.23844909667969,161954400
2020-01-15,AAPL,77.9625015258789,78.875,77.38749694824219,77.83499908447266,74.91602325439453,121923600
2020-01-16,AAPL,78.39749908447266,78.92500305175781,78.02249908447266,78.80999755859375,75.85444641113281,108829200
2020-01-17,AAPL,79.06749725341797,79.68499755859375,78.75,79.68250274658203,76.69422149658203,137816400
2020-01-21,AAPL,79.29750061035156,79.75499725341797,79.0,79.14250183105469,76.17446899414062,110843200
2020-01-22,AAPL,79.6449966430664,79.99749755859375,79.32749938964844,79.42500305175781,76.44636535644531,101832400
2020-01-23,AAPL,79.4800033569336,79.88999938964844,78.9124984741211,79.80750274658203,76.81452941894531,104472000
2020-01-24,AAPL,80.0625,80.8324966430664,79.37999725341797,79.57749938964844,76.59315490722656,146537600
2020-01-27,AAPL,77.51499938964844,77.94249725341797,76.22000122070312,77.23750305175781,74.3409194946289,161940000
2020-01-28,AAPL,78.1500015258789,79.5999984741211,78.04750061035156,79.42250061035156,76.44397735595703,162234000
2020-01-29,AAPL,81.11250305175781,81.9625015258789,80.34500122070312,81.08499908447266,78.04410552978516,216229200
2020-01-30,AAPL,80.13500213623047,81.02249908447266,79.6875,80.96749877929688,77.93101501464844,126743200
2020-01-31,AAPL,80.23249816894531,80.66999816894531,77.07250213623047,77.37750244140625,74.47565460205078,199588400
2020-02-03,AAPL,76.07499694824219,78.37249755859375,75.55500030517578,77.16500091552734,74.2711410522461,173788400
2020-02-04,AAPL,78.82749938964844,79.91000366210938,78.40750122070312,79.7125015258789,76.72307586669922,136616400
2020-02-05,AAPL,80.87999725341797,81.19000244140625,79.73750305175781,80.36250305175781,77.34870910644531,118826800
2020-02-06,AAPL,80.64250183105469,81.30500030517578,80.06500244140625,81.30249786376953,78.25346374511719,105425600
2020-02-07,AAPL,80.59249877929688,80.8499984741211,79.5,80.00749969482422,77.18978881835938,117684000
2020-02-10,AAPL,78.54499816894531,80.38749694824219,78.4625015258789,80.38749694824219,77.55641174316406,109348800
2020-02-11,AAPL,80.9000015258789,80.9749984741211,79.67749786376953,79.90249633789062,77.08850860595703,94323200
2020-02-12,AAPL,80.36750030517578,81.80500030517578,80.36750030517578,81.80000305175781,78.9191665649414,113730400
2020-02-13,AAPL,81.04750061035156,81.55500030517578,80.8375015258789,81.21749877929688,78.357177734375,94747600
2020-02-14,AAPL,81.18499755859375,81.49500274658203,80.7125015258789,81.23750305175781,78.37647247314453,80113600
2020-02-18,AAPL,78.83999633789062,79.9375,78.65249633789062,79.75,76.94136047363281,152531200
2020-02-19,AAPL,80.0,81.14250183105469,80.0,80.90499877929688,78.05570220947266,93984000
2020-02-20,AAPL,80.65750122070312,81.1624984741211,79.55249786376953,80.07499694824219,77.25489044189453,100566000
2020-02-21,AAPL,79.65499877929688,80.11250305175781,77.625,78.26249694824219,75.5062484741211,129554000
2020-02-24,AAPL,74.31500244140625,76.04499816894531,72.30750274658203,74.54499816894531,71.9196548461914,222195200
2020-02-25,AAPL,75.23750305175781,75.63249969482422,71.53250122070312,72.0199966430664,69.48361206054688,230673600
2020-02-26,AAPL,71.63249969482422,74.47000122070312,71.625,73.1624984741211,70.58584594726562,198054800
2020-02-27,AAPL,70.2750015258789,71.5,68.23999786376953,68.37999725341797,65.97179412841797,320605600
2020-02-28,AAPL,64.31500244140625,69.60250091552734,64.09249877929688,68.33999633789062,65.9332046508789,426510000
2017-01-03,QCOM,65.86000061035156,66.13999938964844,64.5999984741211,65.4000015258789,50.59421920776367,9519800
2017-01-04,QCOM,65.66999816894531,65.94999694824219,65.26000213623047,65.47000122070312,50.64837646484375,6221700
2017-01-05,QCOM,65.22000122070312,65.9800033569336,65.05000305175781,65.55000305175781,50.710262298583984,5998900
2017-01-06,QCOM,65.4800033569336,65.87000274658203,64.86000061035156,65.52999877929688,50.69478988647461,6749400
2017-01-09,QCOM,65.52999877929688,66.2699966430664,65.48999786376953,65.6500015258789,50.787628173828125,4769200
2017-01-10,QCOM,65.94999694824219,66.16000366210938,65.56999969482422,65.62999725341797,50.77214431762695,6076000
2017-01-11,QCOM,65.75,66.11000061035156,65.41999816894531,66.0999984741211,51.13576126098633,8349800
2017-01-12,QCOM,65.3499984741211,66.18000030517578,65.05000305175781,66.12000274658203,51.15122985839844,6113600
2017-01-13,QCOM,66.25,67.08000183105469,66.16000366210938,66.87999725341797,51.739166259765625,6177400
2017-01-17,QCOM,66.70999908447266,66.97000122070312,63.150001525878906,64.19000244140625,49.65814971923828,22426300
2017-01-18,QCOM,64.66999816894531,66.08999633789062,63.810001373291016,65.12999725341797,50.38535690307617,15883200
2017-01-19,QCOM,64.97000122070312,65.4000015258789,64.36000061035156,64.44000244140625,49.8515510559082,9429200
2017-01-20,QCOM,65.19000244140625,65.73999786376953,62.619998931884766,62.880001068115234,48.64473342895508,20936900
2017-01-23,QCOM,58.66999816894531,58.66999816894531,53.77000045776367,54.880001068115234,42.4558219909668,94436000
2017-01-24,QCOM,55.02000045776367,55.77000045776367,54.70000076293945,55.0,42.54865646362305,41751800
2017-01-25,QCOM,56.099998474121094,56.97999954223633,55.5,56.900001525878906,44.018516540527344,27307900
2017-01-26,QCOM,55.349998474121094,55.4900016784668,53.5,54.04999923706055,41.81372833251953,37888200
2017-01-27,QCOM,54.650001525878906,54.7599983215332,54.0,54.2400016784668,41.960716247558594,23474400
2017-01-30,QCOM,54.38999938964844,54.400001525878906,53.54999923706055,53.61000061035156,41.47333908081055,14853900
2017-01-31,QCOM,53.61000061035156,53.63999938964844,52.83000183105469,53.43000030517578,41.33407974243164,13995400
2017-02-01,QCOM,53.63999938964844,53.81999969482422,52.86000061035156,53.150001525878906,41.117469787597656,16102100
2017-02-02,QCOM,52.95000076293945,53.099998474121094,52.369998931884766,52.65999984741211,40.7384033203125,14481200
2017-02-03,QCOM,52.95000076293945,53.220001220703125,52.75,52.97999954223633,40.985958099365234,10965300
2017-02-06,QCOM,53.310001373291016,53.40999984741211,52.81999969482422,52.880001068115234,40.90860366821289,8215100
2017-02-07,QCOM,53.220001220703125,53.279998779296875,52.7599983215332,53.27000045776367,41.2103157043457,10374100
2017-02-08,QCOM,53.38999938964844,53.38999938964844,52.720001220703125,52.88999938964844,40.91633605957031,9229000
2017-02-09,QCOM,52.90999984741211,53.099998474121094,52.7599983215332,52.880001068115234,40.90860366821289,7615100
2017-02-10,QCOM,53.099998474121094,54.279998779296875,52.93000030517578,54.0,41.775047302246094,14042200
2017-02-13,QCOM,54.58000183105469,55.130001068115234,54.2599983215332,54.93000030517578,42.4945068359375,14516200
2017-02-14,QCOM,55.43000030517578,55.52000045776367,54.81999969482422,55.47999954223633,42.91999053955078,13072000
2017-02-15,QCOM,55.630001068115234,56.5,55.4900016784668,56.4900016784668,43.701351165771484,14149200
2017-02-16,QCOM,56.58000183105469,56.900001525878906,56.45000076293945,56.880001068115234,44.0030517578125,11622900
2017-02-17,QCOM,56.849998474121094,56.939998626708984,56.04999923706055,56.459999084472656,43.678131103515625,12456600
2017-02-21,QCOM,56.83000183105469,57.189998626708984,56.58000183105469,56.75,43.902469635009766,9878200
2017-02-22,QCOM,56.779998779296875,57.099998474121094,56.47999954223633,57.099998474121094,44.173240661621094,8711500
2017-02-23,QCOM,57.0099983215332,57.310001373291016,56.77000045776367,57.13999938964844,44.204185485839844,10152800
2017-02-24,QCOM,57.02000045776367,57.22999954223633,56.5,57.220001220703125,44.26606369018555,10644800
2017-02-27,QCOM,56.560001373291016,56.97999954223633,56.310001373291016,56.72999954223633,44.29732131958008,7127600
2017-02-28,QCOM,56.4900016784668,56.52000045776367,55.88999938964844,56.47999954223633,44.10210037231445,10388200
2017-03-01,QCOM,56.93000030517578,57.08000183105469,56.27000045776367,57.0099983215332,44.51594543457031,11082400
2017-03-02,QCOM,56.95000076293945,57.150001525878906,56.2400016784668,56.369998931884766,44.016212463378906,8451700
2017-03-03,QCOM,56.52000045776367,56.56999969482422,56.0,56.439998626708984,44.07086944580078,6971400
2017-03-06,QCOM,56.27000045776367,56.560001373291016,56.06999969482422,56.45000076293945,44.07868194580078,7241600
2017-03-07,QCOM,56.599998474121094,56.81999969482422,56.189998626708984,56.72999954223633,44.29732131958008,7131700
2017-03-08,QCOM,56.91999816894531,58.08000183105469,56.79999923706055,57.77000045776367,45.1093864440918,13201700
2017-03-09,QCOM,57.650001525878906,58.099998474121094,57.400001525878906,57.970001220703125,45.26555633544922,9875600
2017-03-10,QCOM,58.36000061035156,58.790000915527344,58.29999923706055,58.63999938964844,45.788719177246094,9752000
2017-03-13,QCOM,59.029998779296875,59.040000915527344,58.20000076293945,58.459999084472656,45.648170471191406,7737900
2017-03-14,QCOM,58.380001068115234,58.380001068115234,57.720001220703125,58.220001220703125,45.46076202392578,6276900
2017-03-15,QCOM,58.41999816894531,58.75,58.18000030517578,58.52000045776367,45.69502639770508,9029500
2017-03-16,QCOM,58.29999923706055,58.72999954223633,58.15999984741211,58.349998474121094,45.562286376953125,7206200
2017-03-17,QCOM,58.56999969482422,58.61000061035156,57.5099983215332,57.54999923706055,44.9376106262207,20057800
2017-03-20,QCOM,57.790000915527344,58.06999969482422,57.59000015258789,57.810001373291016,45.1406364440918,7498200
2017-03-21,QCOM,57.93000030517578,58.099998474121094,56.7400016784668,56.79999923706055,44.351966857910156,10092600
2017-03-22,QCOM,56.72999954223633,57.130001068115234,56.099998474121094,57.040000915527344,44.53938293457031,9129700
2017-03-23,QCOM,57.15999984741211,57.27000045776367,56.59000015258789,56.810001373291016,44.359771728515625,7718700
2017-03-24,QCOM,57.470001220703125,57.470001220703125,56.63999938964844,56.91999816894531,44.44567108154297,5621400
2017-03-27,QCOM,56.720001220703125,56.939998626708984,56.47999954223633,56.65999984741211,44.24265670776367,4726300
2017-03-28,QCOM,56.66999816894531,57.61000061035156,56.66999816894531,57.380001068115234,44.80485534667969,5953500
2017-03-29,QCOM,57.09000015258789,57.369998931884766,56.86000061035156,57.36000061035156,44.789249420166016,4042600
2017-03-30,QCOM,57.36000061035156,57.650001525878906,57.189998626708984,57.20000076293945,44.66432571411133,6359000
2017-03-31,QCOM,57.459999084472656,57.689998626708984,56.970001220703125,57.34000015258789,44.77363586425781,10065000
2017-04-03,QCOM,57.2599983215332,57.34000015258789,56.040000915527344,56.5,44.117713928222656,11343500
2017-04-04,QCOM,56.29999923706055,56.90999984741211,56.25,56.68000030517578,44.25827407836914,7123900
2017-04-05,QCOM,56.79999923706055,57.529998779296875,56.41999816894531,56.470001220703125,44.09430694580078,7857700
2017-04-06,QCOM,56.439998626708984,56.72999954223633,56.13999938964844,56.529998779296875,44.141143798828125,5757800
2017-04-07,QCOM,56.58000183105469,56.599998474121094,56.189998626708984,56.31999969482422,43.97716522216797,5229800
2017-04-10,QCOM,56.43000030517578,56.810001373291016,56.27000045776367,56.52000045776367,44.13333511352539,6039800
2017-04-11,QCOM,56.31999969482422,56.36000061035156,54.720001220703125,55.349998474121094,43.21974563598633,17301800
2017-04-12,QCOM,54.63999938964844,54.650001525878906,53.119998931884766,53.38999938964844,41.689292907714844,24822200
2017-04-13,QCOM,53.130001068115234,53.68000030517578,52.779998779296875,52.790000915527344,41.220787048339844,17014400
2017-04-17,QCOM,52.9900016784668,53.130001068115234,52.75,52.88999938964844,41.298858642578125,10471700
2017-04-18,QCOM,52.599998474121094,52.97999954223633,52.38999938964844,52.66999816894531,41.12708282470703,11262800
2017-04-19,QCOM,53.0,53.099998474121094,52.29999923706055,52.61000061035156,41.08024215698242,15441500
2017-04-20,QCOM,53.220001220703125,53.400001525878906,51.400001525878906,52.65999984741211,41.119266510009766,24664600
2017-04-21,QCOM,52.77000045776367,52.79999923706055,52.209999084472656,52.5,40.994327545166016,10951500
2017-04-24,QCOM,53.0099983215332,53.25,52.75,52.810001373291016,41.23640060424805,10784400
2017-04-25,QCOM,53.16999816894531,53.4900016784668,52.959999084472656,53.0,41.38475799560547,11688700
2017-04-26,QCOM,53.20000076293945,53.29999923706055,52.90999984741211,53.040000915527344,41.4160041809082,7373800
2017-04-27,QCOM,53.2400016784668,53.34000015258789,52.90999984741211,53.209999084472656,41.548728942871094,6956200
2017-04-28,QCOM,51.79999923706055,53.95000076293945,51.04999923706055,53.7400016784668,41.96258544921875,34374100
2017-05-01,QCOM,53.650001525878906,53.70000076293945,53.099998474121094,53.599998474121094,41.85327911376953,12987700
2017-05-02,QCOM,53.650001525878906,53.72999954223633,52.900001525878906,53.290000915527344,41.611202239990234,10445400
2017-05-03,QCOM,53.40999984741211,54.77000045776367,53.25,54.4900016784668,42.5482177734375,18428300
2017-05-04,QCOM,54.72999954223633,55.0,54.5,54.90999984741211,42.876182556152344,11993400
2017-05-05,QCOM,54.93000030517578,55.0,54.70000076293945,54.93000030517578,42.89178466796875,9108800
2017-05-08,QCOM,54.9900016784668,55.0,54.560001373291016,54.619998931884766,42.64972686767578,7033400
2017-05-09,QCOM,54.689998626708984,55.189998626708984,54.630001068115234,55.150001525878906,43.063575744628906,8332900
2017-05-10,QCOM,55.220001220703125,55.43000030517578,54.86000061035156,55.33000183105469,43.204132080078125,8517700
2017-05-11,QCOM,55.25,55.29999923706055,54.40999984741211,54.68000030517578,42.69658660888672,13514700
2017-05-12,QCOM,54.5,55.349998474121094,54.400001525878906,55.31999969482422,43.196319580078125,9107600
2017-05-15,QCOM,55.08000183105469,55.4900016784668,55.08000183105469,55.400001525878906,43.258792877197266,10686100
2017-05-16,QCOM,55.38999938964844,55.97999954223633,55.099998474121094,55.95000076293945,43.688255310058594,9599300
2017-05-17,QCOM,55.63999938964844,56.08000183105469,55.29999923706055,55.36000061035156,43.22755432128906,14811300
2017-05-18,QCOM,55.58000183105469,56.310001373291016,55.02000045776367,56.119998931884766,43.82099533081055,13125300
2017-05-19,QCOM,56.4900016784668,57.790000915527344,56.20000076293945,57.66999816894531,45.03129959106445,16643800
2017-05-22,QCOM,58.38999938964844,59.540000915527344,58.380001068115234,59.279998779296875,46.28847122192383,20771500
2017-05-23,QCOM,59.380001068115234,59.88999938964844,59.130001068115234,59.220001220703125,46.241607666015625,14223400
2017-05-24,QCOM,59.279998779296875,59.619998931884766,58.56999969482422,58.63999938964844,45.788719177246094,8592600
2017-05-25,QCOM,58.650001525878906,58.95000076293945,58.2599983215332,58.45000076293945,45.640357971191406,9556500
2017-05-26,QCOM,57.65999984741211,57.97999954223633,57.369998931884766,57.52000045776367,45.35649490356445,8261900
2017-05-30,QCOM,57.279998779296875,57.7400016784668,57.16999816894531,57.34000015258789,45.214561462402344,11553700
2017-05-31,QCOM,57.2599983215332,57.72999954223633,57.0,57.27000045776367,45.15935516357422,14082600
2017-06-01,QCOM,57.45000076293945,58.650001525878906,57.349998474121094,58.619998931884766,46.223880767822266,11560100
2017-06-02,QCOM,58.88999938964844,58.959999084472656,58.349998474121094,58.58000183105469,46.19234085083008,9538000
2017-06-05,QCOM,58.5,59.04999923706055,58.47999954223633,58.86000061035156,46.41313171386719,7960800
2017-06-06,QCOM,58.599998474121094,58.90999984741211,58.18000030517578,58.20000076293945,45.8927001953125,7871500
2017-06-07,QCOM,58.29999923706055,58.4900016784668,57.130001068115234,57.529998779296875,45.3643798828125,10126500
2017-06-08,QCOM,57.77000045776367,58.150001525878906,57.61000061035156,58.119998931884766,45.82960891723633,10322200
2017-06-09,QCOM,58.369998931884766,58.4900016784668,56.7400016784668,57.04999923706055,44.98588180541992,13624800
2017-06-12,QCOM,56.52000045776367,57.68000030517578,56.47999954223633,57.4900016784668,45.33283615112305,9985100
2017-06-13,QCOM,57.95000076293945,58.06999969482422,57.5,57.540000915527344,45.372249603271484,7111500
2017-06-14,QCOM,57.70000076293945,57.970001220703125,56.66999816894531,57.0099983215332,44.95433807373047,6740000
2017-06-15,QCOM,56.41999816894531,57.16999816894531,56.400001525878906,56.93000030517578,44.891258239746094,5416600
2017-06-16,QCOM,56.97999954223633,57.0099983215332,56.349998474121094,56.81999969482422,44.804527282714844,14555600
2017-06-19,QCOM,56.959999084472656,57.65999984741211,56.90999984741211,57.61000061035156,45.42745590209961,7166200
2017-06-20,QCOM,57.459999084472656,57.61000061035156,56.5099983215332,56.790000915527344,44.78086471557617,8181600
2017-06-21,QCOM,56.790000915527344,56.84000015258789,56.119998931884766,56.33000183105469,44.41813659667969,8324900
2017-06-22,QCOM,56.2400016784668,56.75,56.060001373291016,56.470001220703125,44.528533935546875,5560100
2017-06-23,QCOM,56.63999938964844,57.439998626708984,56.56999969482422,56.90999984741211,44.87549591064453,11847900
2017-06-26,QCOM,57.09000015258789,57.689998626708984,56.209999084472656,56.560001373291016,44.5994987487793,7339100
2017-06-27,QCOM,56.290000915527344,56.33000183105469,55.40999984741211,55.43000030517578,43.70845413208008,6814400
2017-06-28,QCOM,55.400001525878906,56.31999969482422,55.18000030517578,56.15999984741211,44.284088134765625,7542400
2017-06-29,QCOM,55.93000030517578,55.93000030517578,54.54999923706055,55.08000183105469,43.432472229003906,8456900
2017-06-30,QCOM,55.599998474121094,55.630001068115234,55.029998779296875,55.220001220703125,43.54286575317383,8781900
2017-07-03,QCOM,55.529998779296875,56.02000045776367,54.91999816894531,54.95000076293945,43.32996368408203,4379600
2017-07-05,QCOM,55.0099983215332,55.560001373291016,54.779998779296875,55.45000076293945,43.7242317199707,6823800
2017-07-06,QCOM,55.02000045776367,55.22999954223633,54.7400016784668,54.790000915527344,43.203800201416016,5663000
2017-07-07,QCOM,55.040000915527344,55.72999954223633,54.869998931884766,55.349998474121094,43.64537048339844,5356000
2017-07-10,QCOM,55.369998931884766,55.88999938964844,55.189998626708984,55.63999938964844,43.874046325683594,5098100
2017-07-11,QCOM,55.630001068115234,55.630001068115234,55.02000045776367,55.33000183105469,43.62959289550781,6124900
2017-07-12,QCOM,55.790000915527344,56.310001373291016,55.720001220703125,56.20000076293945,44.31562805175781,6126800
2017-07-13,QCOM,56.380001068115234,56.52000045776367,56.16999816894531,56.22999954223633,44.33928680419922,6219200
2017-07-14,QCOM,56.5,56.93000030517578,56.150001525878906,56.810001373291016,44.796627044677734,4440100
2017-07-17,QCOM,56.72999954223633,56.91999816894531,56.38999938964844,56.459999084472656,44.5206413269043,5123600
2017-07-18,QCOM,56.34000015258789,56.380001068115234,56.0,56.290000915527344,44.386592864990234,7441000
2017-07-19,QCOM,56.459999084472656,56.939998626708984,56.0099983215332,56.779998779296875,44.772979736328125,8783700
2017-07-20,QCOM,55.11000061035156,55.43000030517578,53.459999084472656,53.970001220703125,42.55719757080078,35943900
2017-07-21,QCOM,53.65999984741211,54.0,53.369998931884766,53.84000015258789,42.45469665527344,12113100
2017-07-24,QCOM,53.75,53.880001068115234,53.09000015258789,53.220001220703125,41.965789794921875,8832200
2017-07-25,QCOM,53.20000076293945,53.650001525878906,53.06999969482422,53.27000045776367,42.00522232055664,7112100
2017-07-26,QCOM,53.290000915527344,53.349998474121094,52.7400016784668,53.13999938964844,41.902713775634766,7581500
2017-07-27,QCOM,53.08000183105469,53.369998931884766,52.22999954223633,52.4900016784668,41.390167236328125,14069200
2017-07-28,QCOM,52.27000045776367,52.9900016784668,52.27000045776367,52.880001068115234,41.69768142700195,6644300
2017-07-31,QCOM,53.099998474121094,53.29999923706055,52.75,53.189998626708984,41.942138671875,11302700
2017-08-01,QCOM,53.29999923706055,53.43000030517578,52.90999984741211,53.40999984741211,42.11561965942383,9372100
2017-08-02,QCOM,53.29999923706055,53.38999938964844,52.779998779296875,53.16999816894531,41.92636489868164,23084000
2017-08-03,QCOM,53.15999984741211,53.34000015258789,52.75,52.95000076293945,41.752899169921875,8643500
2017-08-04,QCOM,53.0,53.0,52.5099983215332,52.619998931884766,41.49267578125,8677900
2017-08-07,QCOM,52.5,52.849998474121094,52.4900016784668,52.70000076293945,41.55575942993164,6561800
2017-08-08,QCOM,52.54999923706055,53.33000183105469,52.209999084472656,52.290000915527344,41.232452392578125,10462200
2017-08-09,QCOM,52.04999923706055,52.79999923706055,52.0,52.77000045776367,41.610958099365234,8085300
2017-08-10,QCOM,52.540000915527344,52.75,52.11000061035156,52.34000015258789,41.27190017700195,10768000
2017-08-11,QCOM,52.38999938964844,53.130001068115234,52.290000915527344,52.720001220703125,41.571533203125,5894200
2017-08-14,QCOM,53.040000915527344,53.63999938964844,52.90999984741211,53.54999923706055,42.22600555419922,8118200
2017-08-15,QCOM,53.65999984741211,54.08000183105469,53.349998474121094,53.869998931884766,42.47834396362305,7876300
2017-08-16,QCOM,54.060001373291016,54.099998474121094,53.2599983215332,53.310001373291016,42.036766052246094,7414900
2017-08-17,QCOM,53.189998626708984,53.40999984741211,52.27000045776367,52.27000045776367,41.216697692871094,6589400
2017-08-18,QCOM,52.2599983215332,52.41999816894531,51.900001525878906,51.91999816894531,40.94070053100586,6696400
2017-08-21,QCOM,52.0,52.08000183105469,51.5,51.97999954223633,40.988006591796875,5205700
2017-08-22,QCOM,52.209999084472656,52.619998931884766,52.209999084472656,52.349998474121094,41.2797737121582,4443300
2017-08-23,QCOM,52.29999923706055,52.40999984741211,51.779998779296875,52.22999954223633,41.18513488769531,5259300
2017-08-24,QCOM,52.369998931884766,52.709999084472656,52.2599983215332,52.4900016784668,41.390167236328125,6198600
2017-08-25,QCOM,52.779998779296875,52.849998474121094,52.02000045776367,52.029998779296875,41.02743911743164,8684700
2017-08-28,QCOM,51.77000045776367,51.810001373291016,51.459999084472656,51.810001373291016,41.30648422241211,4519000
2017-08-29,QCOM,51.310001373291016,51.86000061035156,51.279998779296875,51.810001373291016,41.30648422241211,4980900
2017-08-30,QCOM,52.22999954223633,52.290000915527344,51.560001373291016,52.119998931884766,41.55363845825195,4876200
2017-08-31,QCOM,52.2599983215332,52.59000015258789,52.119998931884766,52.27000045776367,41.67322540283203,8215800
2017-09-01,QCOM,52.529998779296875,52.77000045776367,51.93000030517578,52.04999923706055,41.49782943725586,5301300
2017-09-05,QCOM,51.86000061035156,51.900001525878906,49.83000183105469,50.029998779296875,39.88733673095703,17811100
2017-09-06,QCOM,50.189998626708984,50.77000045776367,49.83000183105469,50.45000076293945,40.22220230102539,16206900
2017-09-07,QCOM,50.560001373291016,50.689998626708984,50.25,50.380001068115234,40.1663932800293,10035500
2017-09-08,QCOM,50.349998474121094,50.45000076293945,48.91999816894531,49.63999938964844,39.5764045715332,12809400
2017-09-11,QCOM,49.939998626708984,50.66999816894531,49.90999984741211,50.56999969482422,40.317867279052734,7473500
2017-09-12,QCOM,50.599998474121094,51.06999969482422,50.52000045776367,50.900001525878906,40.580970764160156,4526800
2017-09-13,QCOM,50.79999923706055,51.11000061035156,50.720001220703125,51.0099983215332,40.668670654296875,6191400
2017-09-14,QCOM,50.970001220703125,51.59000015258789,50.66999816894531,51.47999954223633,41.04338455200195,7741300
2017-09-15,QCOM,51.95000076293945,52.290000915527344,51.439998626708984,52.189998626708984,41.609439849853516,13177900
2017-09-18,QCOM,52.2400016784668,52.369998931884766,51.959999084472656,52.25,41.65727233886719,6002700
2017-09-19,QCOM,52.400001525878906,52.5,52.060001373291016,52.29999923706055,41.697139739990234,5825200
2017-09-20,QCOM,52.43000030517578,52.52000045776367,51.47999954223633,51.97999954223633,41.44202423095703,8400300
2017-09-21,QCOM,51.86000061035156,52.20000076293945,51.709999084472656,52.029998779296875,41.48188018798828,5750600
2017-09-22,QCOM,51.81999969482422,52.22999954223633,51.779998779296875,52.09000015258789,41.529727935791016,4105100
2017-09-25,QCOM,51.900001525878906,52.290000915527344,51.61000061035156,51.619998931884766,41.154998779296875,8178400
2017-09-26,QCOM,51.75,51.869998931884766,50.849998474121094,51.130001068115234,40.76432800292969,9378800
2017-09-27,QCOM,51.43000030517578,51.61000061035156,51.150001525878906,51.54999923706055,41.09918975830078,8200600
2017-09-28,QCOM,51.380001068115234,52.040000915527344,51.310001373291016,51.75,41.258644104003906,5732900
2017-09-29,QCOM,51.90999984741211,52.040000915527344,51.619998931884766,51.84000015258789,41.33039855957031,5371200
2017-10-02,QCOM,52.09000015258789,52.15999984741211,51.70000076293945,51.880001068115234,41.362300872802734,4439200
2017-10-03,QCOM,51.9900016784668,52.220001220703125,51.650001525878906,52.02000045776367,41.47391128540039,4378000
2017-10-04,QCOM,51.93000030517578,52.119998931884766,51.66999816894531,51.959999084472656,41.42607116699219,4587700
2017-10-05,QCOM,52.16999816894531,52.43000030517578,51.959999084472656,52.349998474121094,41.73701095581055,5179100
2017-10-06,QCOM,52.15999984741211,52.630001068115234,52.15999984741211,52.4900016784668,41.84864044189453,4795300
2017-10-09,QCOM,52.68000030517578,52.97999954223633,52.380001068115234,52.880001068115234,42.15955352783203,5817500
2017-10-10,QCOM,52.95000076293945,53.900001525878906,52.900001525878906,53.869998931884766,42.9488525390625,8761700
2017-10-11,QCOM,53.790000915527344,54.380001068115234,53.65999984741211,54.119998931884766,43.14817810058594,9427300
2017-10-12,QCOM,53.880001068115234,54.18000030517578,52.959999084472656,53.0,42.25522994995117,7062300
2017-10-13,QCOM,53.380001068115234,53.380001068115234,52.7400016784668,52.81999969482422,42.111724853515625,7005600
2017-10-16,QCOM,52.97999954223633,53.0,52.310001373291016,52.380001068115234,41.760921478271484,5930900
2017-10-17,QCOM,52.31999969482422,52.439998626708984,51.849998474121094,52.40999984741211,41.78483963012695,7662900
2017-10-18,QCOM,52.540000915527344,52.66999816894531,52.02000045776367,52.209999084472656,41.62539291381836,6032600
2017-10-19,QCOM,52.029998779296875,52.400001525878906,52.0099983215332,52.290000915527344,41.68916320800781,6825200
2017-10-20,QCOM,52.5099983215332,52.59000015258789,51.939998626708984,52.02000045776367,41.47391128540039,8845000
2017-10-23,QCOM,52.29999923706055,53.779998779296875,52.130001068115234,53.38999938964844,42.566165924072266,9775400
2017-10-24,QCOM,53.439998626708984,54.439998626708984,53.400001525878906,54.25,43.25181198120117,11415700
2017-10-25,QCOM,53.97999954223633,54.43000030517578,53.47999954223633,53.84000015258789,42.924922943115234,7581500
2017-10-26,QCOM,54.099998474121094,54.38999938964844,53.66999816894531,53.79999923706055,42.89303970336914,5270800
2017-10-27,QCOM,53.70000076293945,54.70000076293945,53.36000061035156,54.56999969482422,43.50695037841797,8962400
2017-10-30,QCOM,54.15999984741211,54.77000045776367,54.08000183105469,54.65999984741211,43.57869338989258,7081500
2017-10-31,QCOM,52.2599983215332,52.4900016784668,50.02000045776367,51.0099983215332,40.668670654296875,29914100
2017-11-01,QCOM,51.470001220703125,53.4900016784668,50.5099983215332,53.459999084472656,42.62196350097656,15624400
2017-11-02,QCOM,53.599998474121094,55.68000030517578,53.599998474121094,54.84000015258789,43.72220230102539,17337800
2017-11-03,QCOM,54.7599983215332,64.98999786376953,54.209999084472656,61.810001373291016,49.27916717529297,80964500
2017-11-06,QCOM,64.54000091552734,65.33000183105469,62.150001525878906,62.52000045776367,49.84523010253906,58900800
2017-11-07,QCOM,62.52000045776367,64.16000366210938,62.45000076293945,64.0999984741211,51.10490417480469,23424600
2017-11-08,QCOM,64.20999908447266,65.79000091552734,64.20999908447266,65.48999786376953,52.213104248046875,26515400
2017-11-09,QCOM,64.91000366210938,65.33000183105469,63.93000030517578,64.5999984741211,51.503536224365234,15954900
2017-11-10,QCOM,64.36000061035156,65.0999984741211,63.91999816894531,64.56999969482422,51.4796257019043,9626200
2017-11-13,QCOM,64.95999908447266,66.81999969482422,64.75,66.48999786376953,53.0103874206543,24411600
2017-11-14,QCOM,66.16000366210938,66.80000305175781,65.55000305175781,66.0,52.619720458984375,14036700
2017-11-15,QCOM,65.55000305175781,66.4800033569336,65.23999786376953,65.61000061035156,52.308780670166016,10565400
2017-11-16,QCOM,65.7699966430664,66.54000091552734,65.43000030517578,66.11000061035156,52.707420349121094,12339800
2017-11-17,QCOM,66.37000274658203,66.94999694824219,66.0,66.72000122070312,53.19375228881836,13334000
2017-11-20,QCOM,66.18000030517578,66.8499984741211,65.94999694824219,66.47000122070312,52.99445724487305,9749400
2017-11-21,QCOM,65.3499984741211,66.93000030517578,65.2699966430664,66.66999816894531,53.15389633178711,11215800
2017-11-22,QCOM,66.37000274658203,68.26000213623047,66.23999786376953,68.12999725341797,54.31791305541992,15489400
2017-11-24,QCOM,68.51000213623047,69.27999877929688,68.44999694824219,68.91000366210938,54.93976974487305,9233500
2017-11-27,QCOM,68.5999984741211,68.91999816894531,68.04000091552734,68.13999938964844,54.32587432861328,20404600
2017-11-28,QCOM,67.58999633789062,68.41000366210938,67.22000122070312,68.37999725341797,54.977108001708984,12861300
2017-11-29,QCOM,68.0999984741211,68.19999694824219,66.02999877929688,66.5199966430664,53.48168182373047,17022200
2017-11-30,QCOM,66.51000213623047,67.0999984741211,65.72000122070312,66.33999633789062,53.336952209472656,15555600
2017-12-01,QCOM,65.19999694824219,66.12000274658203,64.5999984741211,65.48999786376953,52.653568267822266,15851100
2017-12-04,QCOM,65.5999984741211,65.69999694824219,63.79999923706055,64.55999755859375,51.905860900878906,17325100
2017-12-05,QCOM,64.8499984741211,65.02999877929688,64.4000015258789,64.69000244140625,52.010379791259766,9661200
2017-12-06,QCOM,64.63999938964844,65.68000030517578,64.36000061035156,64.9800033569336,52.24353790283203,6952300
2017-12-07,QCOM,65.20999908447266,65.55000305175781,64.7699966430664,65.2300033569336,52.444549560546875,8755000
2017-12-08,QCOM,65.5999984741211,65.5999984741211,63.880001068115234,64.23999786376953,51.648590087890625,9371900
2017-12-11,QCOM,64.05999755859375,65.26000213623047,64.0,65.18000030517578,52.404335021972656,12185000
2017-12-12,QCOM,64.87999725341797,65.11000061035156,64.55000305175781,64.86000061035156,52.14705276489258,7021200
2017-12-13,QCOM,64.9800033569336,65.43000030517578,64.83000183105469,64.9000015258789,52.1792106628418,6490400
2017-12-14,QCOM,64.86000061035156,65.16999816894531,64.55000305175781,64.69999694824219,52.018409729003906,7122000
2017-12-15,QCOM,65.33000183105469,65.41999816894531,64.5,64.76000213623047,52.06666946411133,18833000
2017-12-18,QCOM,64.93000030517578,65.45999908447266,64.80000305175781,65.37999725341797,52.56513595581055,7440900
2017-12-19,QCOM,65.11000061035156,65.4800033569336,64.43000030517578,64.5,51.85761642456055,7130000
2017-12-20,QCOM,64.55999755859375,65.16999816894531,64.33000183105469,64.5999984741211,51.938011169433594,6933600
2017-12-21,QCOM,64.75,64.95999908447266,64.33999633789062,64.38999938964844,51.76917266845703,5451100
2017-12-22,QCOM,64.30999755859375,64.9800033569336,64.30000305175781,64.7300033569336,52.042545318603516,4444300
2017-12-26,QCOM,64.48999786376953,64.94000244140625,64.19999694824219,64.30000305175781,51.69681930541992,4236500
2017-12-27,QCOM,64.31999969482422,64.63999938964844,64.18000030517578,64.54000091552734,51.8897705078125,4899600
2017-12-28,QCOM,64.69000244140625,64.7300033569336,64.3499984741211,64.37999725341797,51.76113510131836,2451300
2017-12-29,QCOM,64.36000061035156,64.6500015258789,64.0,64.0199966430664,51.4716911315918,6631800
2018-01-02,QCOM,64.37999725341797,65.33000183105469,64.16999816894531,65.19999694824219,52.420406341552734,6329600
2018-01-03,QCOM,65.22000122070312,66.05999755859375,64.69000244140625,65.94000244140625,53.01536560058594,6844200
2018-01-04,QCOM,66.18000030517578,66.52999877929688,65.91000366210938,66.02999877929688,53.08773422241211,5060100
2018-01-05,QCOM,66.04000091552734,66.5999984741211,65.5,66.47000122070312,53.441505432128906,5421800
2018-01-08,QCOM,66.25,66.52999877929688,65.94000244140625,66.2699966430664,53.28068542480469,4266900
2018-01-09,QCOM,65.63999938964844,65.86000061035156,64.94000244140625,65.2699966430664,52.4766960144043,7632300
2018-01-10,QCOM,65.4800033569336,65.73999786376953,64.87999725341797,65.26000213623047,52.46865463256836,6569300
2018-01-11,QCOM,65.19999694824219,65.5,65.13999938964844,65.43000030517578,52.60531997680664,4233100
2018-01-12,QCOM,65.61000061035156,65.9000015258789,65.08000183105469,65.37999725341797,52.56513595581055,5007200
2018-01-16,QCOM,66.2300033569336,68.6500015258789,66.02999877929688,68.25,54.87261199951172,24478800
2018-01-17,QCOM,68.5199966430664,68.9000015258789,67.23999786376953,68.0199966430664,54.68767547607422,12559100
2018-01-18,QCOM,67.75,68.18000030517578,67.48999786376953,68.05000305175781,54.711795806884766,6797900
2018-01-19,QCOM,68.04000091552734,68.25,67.75,68.04000091552734,54.703758239746094,8864300
2018-01-22,QCOM,67.80999755859375,68.75,67.70999908447266,68.66999816894531,55.210262298583984,8566200
2018-01-23,QCOM,68.5999984741211,68.9000015258789,68.23999786376953,68.33999633789062,54.944950103759766,7825600
2018-01-24,QCOM,68.19999694824219,68.29000091552734,67.37999725341797,67.9800033569336,54.65550231933594,12383100
2018-01-25,QCOM,68.13999938964844,68.37000274658203,67.29000091552734,67.41999816894531,54.20527267456055,9122200
2018-01-26,QCOM,67.94000244140625,68.52999877929688,67.5999984741211,68.52999877929688,55.09770965576172,7919000
2018-01-29,QCOM,68.16000366210938,68.30000305175781,67.23999786376953,67.31999969482422,54.124881744384766,9745300
2018-01-30,QCOM,67.43000030517578,67.91000366210938,66.7300033569336,66.98999786376953,53.85955047607422,8059500
2018-01-31,QCOM,67.55000305175781,68.37999725341797,67.45999908447266,68.25,54.87261199951172,13915600
2018-02-01,QCOM,67.0,68.3499984741211,66.31999969482422,66.80000305175781,53.70680236816406,16838500
2018-02-02,QCOM,66.18000030517578,67.04000091552734,65.86000061035156,66.06999969482422,53.11988830566406,10971700
2018-02-05,QCOM,66.30000305175781,66.55000305175781,60.5,61.72999954223633,49.63056182861328,35996000
2018-02-06,QCOM,62.310001373291016,64.52999877929688,62.20000076293945,64.4000015258789,51.7772216796875,24458700
2018-02-07,QCOM,64.22000122070312,66.12000274658203,64.0199966430664,65.04000091552734,52.29177474975586,15021200
2018-02-08,QCOM,64.62999725341797,65.06999969482422,62.400001525878906,62.41999816894531,50.18531036376953,13451600
2018-02-09,QCOM,62.95000076293945,64.31999969482422,61.459999084472656,63.9900016784668,51.44758605957031,23095000
2018-02-12,QCOM,64.88999938964844,65.69999694824219,64.38999938964844,65.66000366210938,52.79024124145508,13692100
2018-02-13,QCOM,65.2300033569336,65.76000213623047,64.9800033569336,65.69999694824219,52.82240295410156,7695900
2018-02-14,QCOM,65.1500015258789,66.80000305175781,65.0999984741211,66.58999633789062,53.5379638671875,10370900
2018-02-15,QCOM,66.37999725341797,66.37999725341797,63.86000061035156,65.27999877929688,52.48473358154297,15548400
2018-02-16,QCOM,64.7699966430664,65.83000183105469,64.5999984741211,64.8499984741211,52.13901901245117,11760300
2018-02-20,QCOM,63.0099983215332,64.13999938964844,61.86000061035156,63.9900016784668,51.44758605957031,27494600
2018-02-21,QCOM,63.119998931884766,63.86000061035156,62.650001525878906,63.400001525878906,50.97322463989258,14895600
2018-02-22,QCOM,63.150001525878906,63.58000183105469,62.029998779296875,62.18000030517578,49.992366790771484,11722300
2018-02-23,QCOM,62.810001373291016,63.31999969482422,62.029998779296875,63.31999969482422,50.90891647338867,6762200
2018-02-26,QCOM,64.55000305175781,67.36000061035156,64.19000244140625,66.9800033569336,53.851531982421875,27374300
2018-02-27,QCOM,67.0,67.62999725341797,66.01000213623047,66.33999633789062,53.79474639892578,14326000
2018-02-28,QCOM,66.69999694824219,66.72000122070312,64.91000366210938,65.0,52.708160400390625,9582100
2018-03-01,QCOM,65.02999877929688,66.23999786376953,64.33000183105469,64.95999908447266,52.67571258544922,10799200
2018-03-02,QCOM,64.30999755859375,64.8499984741211,64.02999877929688,64.73999786376953,52.4973258972168,10612700
2018-03-05,QCOM,64.33999633789062,65.5999984741211,63.540000915527344,64.01000213623047,51.905372619628906,15445500
2018-03-06,QCOM,63.5,63.54999923706055,61.060001373291016,62.13999938964844,50.388999938964844,23450400
2018-03-07,QCOM,61.4900016784668,62.61000061035156,61.43000030517578,62.4900016784668,50.67281723022461,12602400
2018-03-08,QCOM,62.650001525878906,62.7400016784668,61.56999969482422,61.81999969482422,50.1295166015625,8902100
2018-03-09,QCOM,62.36000061035156,63.060001373291016,62.119998931884766,63.029998779296875,51.110694885253906,7655300
2018-03-12,QCOM,63.04999923706055,63.47999954223633,62.29999923706055,62.810001373291016,50.93230056762695,15801300
2018-03-13,QCOM,59.77000045776367,61.400001525878906,59.130001068115234,59.70000076293945,48.410423278808594,38572700
2018-03-14,QCOM,59.900001525878906,60.380001068115234,57.900001525878906,60.119998931884766,48.75099182128906,29759100
2018-03-15,QCOM,60.029998779296875,60.279998779296875,59.560001373291016,59.88999938964844,48.564491271972656,10494300
2018-03-16,QCOM,60.599998474121094,61.4900016784668,60.47999954223633,60.619998931884766,49.15645217895508,25574500
2018-03-19,QCOM,60.189998626708984,60.349998474121094,57.900001525878906,58.369998931884766,47.331912994384766,14131400
2018-03-20,QCOM,58.9900016784668,59.09000015258789,57.95000076293945,58.2599983215332,47.24272155761719,10615400
2018-03-21,QCOM,57.5,58.279998779296875,56.77000045776367,56.810001373291016,46.066932678222656,12231900
2018-03-22,QCOM,56.2400016784668,56.83000183105469,55.52000045776367,55.58000183105469,45.06952667236328,13554600
2018-03-23,QCOM,55.630001068115234,55.79999923706055,53.650001525878906,53.65999984741211,43.51260757446289,14713300
2018-03-26,QCOM,54.58000183105469,56.13999938964844,54.25,56.130001068115234,45.515525817871094,12093900
2018-03-27,QCOM,56.59000015258789,57.2400016784668,54.540000915527344,54.84000015258789,44.46945571899414,12243200
2018-03-28,QCOM,54.810001373291016,55.970001220703125,54.459999084472656,54.70000076293945,44.355953216552734,12925500
2018-03-29,QCOM,55.040000915527344,55.93000030517578,54.619998931884766,55.40999984741211,44.931671142578125,8482500
2018-04-02,QCOM,55.099998474121094,55.2400016784668,53.06999969482422,53.810001373291016,43.63425064086914,16469600
2018-04-03,QCOM,54.290000915527344,55.04999923706055,53.619998931884766,54.779998779296875,44.42081069946289,7930700
2018-04-04,QCOM,53.79999923706055,55.119998931884766,53.41999816894531,54.9900016784668,44.591094970703125,7496700
2018-04-05,QCOM,55.4900016784668,55.5,54.439998626708984,55.040000915527344,44.63165283203125,5823300
2018-04-06,QCOM,54.41999816894531,54.77000045776367,53.11000061035156,53.119998931884766,43.07473373413086,8322200
2018-04-09,QCOM,53.52000045776367,54.88999938964844,53.34000015258789,53.43000030517578,43.32609939575195,7608500
2018-04-10,QCOM,54.58000183105469,55.0099983215332,54.220001220703125,54.77000045776367,44.412696838378906,12009000
2018-04-11,QCOM,54.189998626708984,55.06999969482422,54.150001525878906,55.0099983215332,44.60731887817383,6205300
2018-04-12,QCOM,55.470001220703125,55.650001525878906,55.02000045776367,55.20000076293945,44.76137924194336,7412700
2018-04-13,QCOM,56.61000061035156,56.790000915527344,55.41999816894531,55.72999954223633,45.191158294677734,12588200
2018-04-16,QCOM,55.939998626708984,55.9900016784668,54.56999969482422,54.77000045776367,44.412696838378906,7850500
2018-04-17,QCOM,54.9900016784668,55.68000030517578,54.779998779296875,55.349998474121094,44.88302993774414,7089700
2018-04-18,QCOM,55.13999938964844,55.619998931884766,54.880001068115234,55.22999954223633,44.78572082519531,4796800
2018-04-19,QCOM,54.0,54.13999938964844,52.5,52.56999969482422,42.62874221801758,19179500
2018-04-20,QCOM,52.810001373291016,52.88999938964844,51.31999969482422,51.439998626708984,41.712432861328125,11838200
2018-04-23,QCOM,51.5,51.810001373291016,50.27000045776367,50.529998779296875,40.97450637817383,10961500
2018-04-24,QCOM,50.880001068115234,51.290000915527344,49.380001068115234,49.939998626708984,40.49607849121094,11670000
2018-04-25,QCOM,50.0,50.439998626708984,48.869998931884766,49.75,40.34201431274414,9619200
2018-04-26,QCOM,49.52000045776367,50.59000015258789,48.560001373291016,50.470001220703125,40.92586135864258,13684000
2018-04-27,QCOM,50.75,51.36000061035156,50.4900016784668,51.11000061035156,41.44483947753906,9443100
2018-04-30,QCOM,51.25,51.81999969482422,51.0,51.0099983215332,41.363739013671875,9469600
2018-05-01,QCOM,50.7599983215332,51.04999923706055,50.040000915527344,50.81999969482422,41.20967102050781,6780500
2018-05-02,QCOM,51.2400016784668,51.25,49.91999816894531,50.2599983215332,40.75556945800781,8143000
2018-05-03,QCOM,49.9900016784668,50.540000915527344,49.310001373291016,50.310001373291016,40.796112060546875,8609200
2018-05-04,QCOM,50.18000030517578,52.599998474121094,49.91999816894531,52.4900016784668,42.563873291015625,9880600
2018-05-07,QCOM,52.58000183105469,53.27000045776367,52.52000045776367,53.0099983215332,42.985530853271484,9571700
2018-05-08,QCOM,53.040000915527344,53.27000045776367,52.11000061035156,52.86000061035156,42.86389923095703,9930000
2018-05-09,QCOM,52.86000061035156,53.33000183105469,52.20000076293945,53.16999816894531,43.11526870727539,7016100
2018-05-10,QCOM,54.45000076293945,55.06999969482422,53.95000076293945,54.970001220703125,44.574893951416016,12267200
2018-05-11,QCOM,54.7599983215332,55.790000915527344,54.619998931884766,55.22999954223633,44.78572082519531,9639100
2018-05-14,QCOM,57.33000183105469,57.79999923706055,56.34000015258789,56.7400016784668,46.01017761230469,15400300
2018-05-15,QCOM,56.5,56.61000061035156,55.220001220703125,55.63999938964844,45.1181755065918,12050500
2018-05-16,QCOM,55.7599983215332,56.810001373291016,55.66999816894531,56.70000076293945,45.97774124145508,8675600
2018-05-17,QCOM,56.4900016784668,57.380001068115234,56.38999938964844,56.95000076293945,46.18046951293945,11450700
2018-05-18,QCOM,56.93000030517578,57.9900016784668,56.400001525878906,57.5099983215332,46.63454055786133,11999700
2018-05-21,QCOM,57.68000030517578,58.27000045776367,56.77000045776367,57.709999084472656,46.79673767089844,14286400
2018-05-22,QCOM,57.90999984741211,58.36000061035156,57.06999969482422,57.38999938964844,46.53725051879883,9432500
2018-05-23,QCOM,56.90999984741211,58.86000061035156,56.83000183105469,58.81999969482422,47.69683074951172,11322500
2018-05-24,QCOM,58.58000183105469,59.25,58.04999923706055,59.08000183105469,47.90766143798828,12487200
2018-05-25,QCOM,58.849998474121094,60.0,58.810001373291016,59.959999084472656,48.62125015258789,11501500
2018-05-29,QCOM,59.5,59.599998474121094,57.70000076293945,58.22999954223633,47.71175003051758,14696300
2018-05-30,QCOM,58.40999984741211,58.650001525878906,57.65999984741211,58.38999938964844,47.84285354614258,9146000
2018-05-31,QCOM,58.0,58.56999969482422,57.7599983215332,58.119998931884766,47.62161636352539,12813200
2018-06-01,QCOM,58.34000015258789,58.72999954223633,58.0099983215332,58.61000061035156,48.02311325073242,8869700
2018-06-04,QCOM,58.619998931884766,58.869998931884766,57.95000076293945,58.709999084472656,48.105037689208984,9696700
2018-06-05,QCOM,58.86000061035156,59.599998474121094,58.7599983215332,58.97999954223633,48.32628631591797,6562700
2018-06-06,QCOM,59.2599983215332,59.849998474121094,59.11000061035156,59.84000015258789,49.030941009521484,6236700
2018-06-07,QCOM,62.0,62.650001525878906,60.220001220703125,60.63999938964844,49.68642044067383,14786100
2018-06-08,QCOM,60.25,60.619998931884766,59.810001373291016,60.2599983215332,49.37507629394531,7035300
2018-06-11,QCOM,60.16999816894531,60.41999816894531,59.81999969482422,59.93000030517578,49.10468292236328,7369500
2018-06-12,QCOM,60.11000061035156,60.380001068115234,59.54999923706055,59.790000915527344,48.98997497558594,7153500
2018-06-13,QCOM,59.66999816894531,60.22999954223633,59.119998931884766,59.220001220703125,48.52293395996094,9676300
2018-06-14,QCOM,59.290000915527344,59.70000076293945,58.95000076293945,59.459999084472656,48.719573974609375,8372900
2018-06-15,QCOM,59.869998931884766,59.95000076293945,58.91999816894531,59.86000061035156,49.04731750488281,13804900
2018-06-18,QCOM,59.310001373291016,59.369998931884766,58.91999816894531,59.20000076293945,48.50653839111328,6946600
2018-06-19,QCOM,58.279998779296875,58.7400016784668,57.849998474121094,58.70000076293945,48.09686279296875,7958300
2018-06-20,QCOM,59.18000030517578,59.20000076293945,58.310001373291016,58.790000915527344,48.170597076416016,6526400
2018-06-21,QCOM,59.209999084472656,59.209999084472656,58.38999938964844,58.75,48.137821197509766,6605400
2018-06-22,QCOM,58.779998779296875,59.099998474121094,58.43000030517578,58.5,47.932979583740234,8074100
2018-06-25,QCOM,58.09000015258789,58.13999938964844,56.61000061035156,57.04999923706055,46.7448844909668,8635900
2018-06-26,QCOM,57.08000183105469,57.150001525878906,56.310001373291016,56.45000076293945,46.25328063964844,8934700
2018-06-27,QCOM,56.54999923706055,57.529998779296875,55.13999938964844,55.16999816894531,45.204490661621094,11832400
2018-06-28,QCOM,55.119998931884766,56.459999084472656,55.09000015258789,55.900001525878906,45.80263137817383,11723600
2018-06-29,QCOM,56.130001068115234,56.86000061035156,56.08000183105469,56.119998931884766,45.982887268066406,11274000
2018-07-02,QCOM,55.400001525878906,56.220001220703125,55.119998931884766,56.18000030517578,46.032047271728516,7299900
2018-07-03,QCOM,56.40999984741211,56.529998779296875,55.25,55.33000183105469,45.33559036254883,3618900
2018-07-05,QCOM,55.70000076293945,57.43000030517578,55.650001525878906,57.380001068115234,47.015289306640625,11728300
2018-07-06,QCOM,57.459999084472656,58.06999969482422,57.029998779296875,57.84000015258789,47.39220428466797,8806200
2018-07-09,QCOM,58.060001373291016,58.310001373291016,57.22999954223633,58.040000915527344,47.55606460571289,4577100
2018-07-10,QCOM,58.060001373291016,58.470001220703125,57.95000076293945,58.369998931884766,47.82645034790039,6848900
2018-07-11,QCOM,57.43000030517578,58.0099983215332,56.7400016784668,57.29999923706055,46.94973373413086,8702000
2018-07-12,QCOM,57.849998474121094,58.4900016784668,57.310001373291016,58.31999969482422,47.78548812866211,8426400
2018-07-13,QCOM,58.25,58.779998779296875,58.18000030517578,58.38999938964844,47.84285354614258,5266100
2018-07-16,QCOM,58.41999816894531,58.84000015258789,58.060001373291016,58.349998474121094,47.81007766723633,5907100
2018-07-17,QCOM,57.91999816894531,58.90999984741211,57.619998931884766,58.90999984741211,48.268924713134766,7560300
2018-07-18,QCOM,59.0,59.0,58.369998931884766,58.7599983215332,48.14602279663086,6795100
2018-07-19,QCOM,58.709999084472656,59.59000015258789,58.650001525878906,59.310001373291016,48.59666442871094,8150200
2018-07-20,QCOM,58.97999954223633,59.18000030517578,58.400001525878906,58.61000061035156,48.02311325073242,10859700
2018-07-23,QCOM,58.400001525878906,59.209999084472656,57.81999969482422,59.08000183105469,48.40821075439453,8011800
2018-07-24,QCOM,59.349998474121094,59.619998931884766,58.45000076293945,58.849998474121094,48.219749450683594,6637600
2018-07-25,QCOM,58.54999923706055,59.5,57.7599983215332,59.41999816894531,48.686790466308594,13143100
2018-07-26,QCOM,63.04999923706055,63.7599983215332,61.2599983215332,63.58000183105469,52.095359802246094,31025100
2018-07-27,QCOM,63.220001220703125,63.5099983215332,62.220001220703125,62.689998626708984,51.366127014160156,13488800
2018-07-30,QCOM,62.650001525878906,62.97999954223633,61.93000030517578,62.040000915527344,50.83354568481445,9547700
2018-07-31,QCOM,63.83000183105469,64.66000366210938,63.5,64.08999633789062,52.513240814208984,22350800
2018-08-01,QCOM,63.54999923706055,64.87000274658203,63.54999923706055,64.3499984741211,52.726287841796875,10706200
2018-08-02,QCOM,63.959999084472656,65.04000091552734,63.63999938964844,64.7699966430664,53.07041549682617,10618500
2018-08-03,QCOM,64.73999786376953,65.61000061035156,64.66999816894531,65.4000015258789,53.586631774902344,7809400
2018-08-06,QCOM,65.86000061035156,66.0199966430664,65.33000183105469,65.7300033569336,53.857017517089844,10878400
2018-08-07,QCOM,65.93000030517578,65.93000030517578,65.25,65.44000244140625,53.6193962097168,7810900
2018-08-08,QCOM,65.20999908447266,65.55000305175781,65.12000274658203,65.16000366210938,53.389976501464844,7912200
2018-08-09,QCOM,65.0999984741211,65.30000305175781,64.91999816894531,65.08000183105469,53.32441711425781,6629700
2018-08-10,QCOM,64.6500015258789,64.94000244140625,64.48999786376953,64.81999969482422,53.111392974853516,8736000
2018-08-13,QCOM,65.1500015258789,65.2300033569336,64.6500015258789,64.83999633789062,53.12776565551758,7092400
2018-08-14,QCOM,65.08999633789062,65.62000274658203,64.7699966430664,65.43000030517578,53.61117935180664,7844200
2018-08-15,QCOM,65.13999938964844,65.81999969482422,64.55000305175781,65.68000030517578,53.8160400390625,13524800
2018-08-16,QCOM,65.86000061035156,66.0999984741211,65.52999877929688,65.76000213623047,53.88158416748047,9958800
2018-08-17,QCOM,65.5,66.19000244140625,65.12000274658203,66.05999755859375,54.12741470336914,15170500
2018-08-20,QCOM,66.33000183105469,66.58999633789062,65.73999786376953,66.16000366210938,54.2093391418457,13966900
2018-08-21,QCOM,66.08999633789062,66.77999877929688,66.02999877929688,66.55000305175781,54.528892517089844,12181400
2018-08-22,QCOM,66.22000122070312,67.08000183105469,66.20999908447266,66.83999633789062,54.76650619506836,13860300
2018-08-23,QCOM,66.9800033569336,67.29000091552734,66.80000305175781,66.86000061035156,54.78288650512695,12038100
2018-08-24,QCOM,67.0,67.36000061035156,66.94000244140625,67.1500015258789,55.0205078125,16001400
2018-08-27,QCOM,67.37000274658203,67.4800033569336,67.22000122070312,67.33999633789062,55.176185607910156,12578000
2018-08-28,QCOM,68.55999755859375,70.48999786376953,67.91999816894531,69.77999877929688,57.17544937133789,24952700
2018-08-29,QCOM,69.66999816894531,70.06999969482422,69.13999938964844,69.19999694824219,56.7001953125,11874300
2018-08-30,QCOM,68.97000122070312,69.16000366210938,68.0,68.13999938964844,55.8316764831543,12027500
2018-08-31,QCOM,67.98999786376953,69.0,67.94000244140625,68.70999908447266,56.29871368408203,11166900
2018-09-04,QCOM,68.73999786376953,70.11000061035156,68.70999908447266,69.9800033569336,57.861427307128906,13024100
2018-09-05,QCOM,69.80000305175781,71.06999969482422,69.30999755859375,70.88999938964844,58.61384582519531,15310700
2018-09-06,QCOM,70.8499984741211,71.3499984741211,70.19000244140625,70.36000061035156,58.175621032714844,11997700
2018-09-07,QCOM,69.83999633789062,70.62000274658203,69.61000061035156,70.37999725341797,58.19215774536133,24421900
2018-09-10,QCOM,70.66999816894531,72.75,70.5,72.31999969482422,59.796207427978516,14636000
2018-09-11,QCOM,71.83999633789062,72.66000366210938,71.80999755859375,72.51000213623047,59.95328903198242,9501100
2018-09-12,QCOM,72.08999633789062,72.5,70.0199966430664,71.75,59.32490539550781,12638300
2018-09-13,QCOM,73.68000030517578,75.36000061035156,73.4800033569336,74.61000061035156,61.689632415771484,24617700
2018-09-14,QCOM,74.52999877929688,76.04000091552734,74.41000366210938,75.08999633789062,62.086509704589844,13450700
2018-09-17,QCOM,74.83999633789062,75.27999877929688,73.11000061035156,73.23999786376953,60.55689239501953,11558300
2018-09-18,QCOM,73.80000305175781,76.5,73.51000213623047,74.72000122070312,61.78059005737305,11692000
2018-09-19,QCOM,75.37000274658203,75.37000274658203,73.7699966430664,74.05999755859375,61.23487091064453,12383200
2018-09-20,QCOM,74.4800033569336,75.11000061035156,74.20999908447266,74.5999984741211,61.68138122558594,12013900
2018-09-21,QCOM,74.83000183105469,74.87000274658203,73.12999725341797,73.69999694824219,60.937225341796875,23465400
2018-09-24,QCOM,73.08000183105469,73.8499984741211,72.80000305175781,73.58000183105469,60.8380012512207,15446100
2018-09-25,QCOM,72.63999938964844,73.56999969482422,72.58000183105469,72.73999786376953,60.14345932006836,20741900
2018-09-26,QCOM,72.68000030517578,73.26000213623047,71.58000183105469,71.76000213623047,59.33317565917969,11306000
2018-09-27,QCOM,72.18000030517578,72.68000030517578,71.47000122070312,71.70999908447266,59.291839599609375,12498300
2018-09-28,QCOM,71.51000213623047,73.26000213623047,71.25,72.02999877929688,59.55643081665039,20080800
2018-10-01,QCOM,72.45999908447266,73.43000030517578,72.0999984741211,72.5999984741211,60.02772903442383,9340200
2018-10-02,QCOM,72.4000015258789,73.91000366210938,72.2699966430664,73.3499984741211,60.6478271484375,9221200
2018-10-03,QCOM,73.58999633789062,73.88999938964844,72.58999633789062,72.63999938964844,60.0607795715332,7079800
2018-10-04,QCOM,72.0,72.69999694824219,71.86000061035156,72.37999725341797,59.8458137512207,8599500
2018-10-05,QCOM,72.38999938964844,72.66000366210938,70.55000305175781,71.20999908447266,58.878421783447266,23411300
2018-10-08,QCOM,70.77999877929688,71.5999984741211,70.55999755859375,70.93000030517578,58.646915435791016,10104600
2018-10-09,QCOM,70.76000213623047,70.95999908447266,70.08999633789062,70.12999725341797,57.98544692993164,10329200
2018-10-10,QCOM,68.7699966430664,69.55999755859375,66.62000274658203,66.7300033569336,55.17424774169922,22296800
2018-10-11,QCOM,66.3499984741211,66.98999786376953,63.61000061035156,64.29000091552734,53.156776428222656,25852600
2018-10-12,QCOM,65.55000305175781,65.6500015258789,63.27000045776367,64.29000091552734,53.156776428222656,15760900
2018-10-15,QCOM,64.2300033569336,65.19999694824219,64.01000213623047,64.16999816894531,53.057552337646484,12314700
2018-10-16,QCOM,64.77999877929688,66.38999938964844,64.62000274658203,66.12000274658203,54.669864654541016,15931400
2018-10-17,QCOM,66.37999725341797,66.61000061035156,65.29000091552734,66.0999984741211,54.65332794189453,14779100
2018-10-18,QCOM,65.68000030517578,66.31999969482422,64.87000274658203,65.1500015258789,53.86784744262695,12218600
2018-10-19,QCOM,65.44999694824219,66.20999908447266,65.0,65.36000061035156,54.04146957397461,10673000
2018-10-22,QCOM,65.69000244140625,66.5999984741211,65.22000122070312,66.12000274658203,54.669864654541016,12890400
2018-10-23,QCOM,63.65999984741211,66.91999816894531,63.56999969482422,66.37999725341797,54.88484191894531,13441000
2018-10-24,QCOM,65.87000274658203,66.38999938964844,62.5,62.619998931884766,51.77597427368164,23384300
2018-10-25,QCOM,63.810001373291016,63.83000183105469,62.349998474121094,63.20000076293945,52.25553512573242,20385700
2018-10-26,QCOM,61.5,63.63999938964844,61.18000030517578,62.47999954223633,51.660213470458984,17049300
2018-10-29,QCOM,63.5,63.689998626708984,61.27000045776367,62.16999816894531,51.403892517089844,14778300
2018-10-30,QCOM,62.36000061035156,63.720001220703125,62.16999816894531,63.18000030517578,52.238990783691406,18865300
2018-10-31,QCOM,62.90999984741211,63.52000045776367,62.06999969482422,62.88999938964844,51.99921798706055,12917500
2018-11-01,QCOM,63.20000076293945,64.30999755859375,62.880001068115234,63.709999084472656,52.677207946777344,11003900
2018-11-02,QCOM,63.939998626708984,63.959999084472656,62.34000015258789,63.33000183105469,52.3630256652832,13707900
2018-11-05,QCOM,63.08000183105469,63.79999923706055,62.65999984741211,63.470001220703125,52.47877502441406,13373800
2018-11-06,QCOM,63.349998474121094,64.33999633789062,62.40999984741211,63.630001068115234,52.611053466796875,8774100
2018-11-07,QCOM,63.5,63.75,62.279998779296875,63.209999084472656,52.2637939453125,18493500
2018-11-08,QCOM,58.0,60.150001525878906,57.599998474121094,58.04999923706055,47.99736785888672,32155200
2018-11-09,QCOM,57.779998779296875,58.2400016784668,56.189998626708984,56.720001220703125,46.897682189941406,21745200
2018-11-12,QCOM,56.369998931884766,56.5,54.43000030517578,54.4900016784668,45.053871154785156,24447800
2018-11-13,QCOM,54.7400016784668,55.4900016784668,54.04999923706055,54.15999984741211,44.781009674072266,20883800
2018-11-14,QCOM,54.84000015258789,54.88999938964844,53.66999816894531,53.939998626708984,44.59911346435547,14071900
2018-11-15,QCOM,53.83000183105469,55.540000915527344,53.529998779296875,55.38999938964844,45.79800796508789,18856300
2018-11-16,QCOM,55.119998931884766,57.040000915527344,54.9900016784668,55.880001068115234,46.20315933227539,57303300
2018-11-19,QCOM,55.849998474121094,56.619998931884766,54.869998931884766,54.900001525878906,45.39285659790039,20321400
2018-11-20,QCOM,54.20000076293945,55.43000030517578,54.06999969482422,54.91999816894531,45.409400939941406,20658300
2018-11-21,QCOM,55.209999084472656,56.5,55.18000030517578,55.27000045776367,45.69878387451172,13015500
2018-11-23,QCOM,54.77000045776367,55.75,54.75,55.25,45.68223571777344,4671900
2018-11-26,QCOM,55.790000915527344,56.380001068115234,55.18000030517578,55.72999954223633,46.079124450683594,10373700
2018-11-27,QCOM,55.59000015258789,56.22999954223633,55.349998474121094,55.56999969482422,45.94683074951172,9719000
2018-11-28,QCOM,55.88999938964844,56.720001220703125,54.689998626708984,56.650001525878906,46.839805603027344,17483500
2018-11-29,QCOM,57.88999938964844,59.04999923706055,57.77000045776367,58.11000061035156,48.04697799682617,26949000
2018-11-30,QCOM,58.220001220703125,58.470001220703125,57.02000045776367,58.2599983215332,48.17099380493164,18197800
2018-12-03,QCOM,60.5099983215332,60.5099983215332,58.400001525878906,59.13999938964844,48.89860534667969,17114500
2018-12-04,QCOM,58.9900016784668,59.47999954223633,57.220001220703125,57.72999954223633,47.73278045654297,15836500
2018-12-06,QCOM,56.0099983215332,57.209999084472656,55.689998626708984,57.11000061035156,47.73278045654297,18203300
2018-12-07,QCOM,56.61000061035156,57.119998931884766,55.72999954223633,55.9900016784668,46.79667663574219,17054700
2018-12-10,QCOM,57.77000045776367,58.25,56.63999938964844,57.2400016784668,47.84143829345703,20484900
2018-12-11,QCOM,58.45000076293945,58.65999984741211,56.83000183105469,57.349998474121094,47.93338394165039,13116300
2018-12-12,QCOM,58.439998626708984,58.58000183105469,57.529998779296875,57.720001220703125,48.24262619018555,13246500
2018-12-13,QCOM,58.13999938964844,58.380001068115234,57.560001373291016,58.09000015258789,48.5518684387207,8949900
2018-12-14,QCOM,57.560001373291016,59.0,57.36000061035156,57.619998931884766,48.1590461730957,13551000
2018-12-17,QCOM,57.59000015258789,58.34000015258789,56.66999816894531,57.0,47.640846252441406,16648200
2018-12-18,QCOM,57.689998626708984,58.540000915527344,57.400001525878906,57.779998779296875,48.29277420043945,12384200
2018-12-19,QCOM,57.540000915527344,58.5,56.060001373291016,56.689998626708984,47.38174819946289,17376400
2018-12-20,QCOM,57.220001220703125,57.939998626708984,56.060001373291016,56.369998931884766,47.114280700683594,21742300
2018-12-21,QCOM,56.2599983215332,57.279998779296875,54.689998626708984,54.849998474121094,45.843868255615234,38202300
2018-12-24,QCOM,53.70000076293945,54.88999938964844,53.56999969482422,53.650001525878906,44.84090042114258,8275000
2018-12-26,QCOM,54.25,56.0,53.5099983215332,55.959999084472656,46.77161407470703,18451600
2018-12-27,QCOM,55.540000915527344,56.38999938964844,54.77000045776367,56.09000015258789,46.8802604675293,15804800
2018-12-28,QCOM,56.33000183105469,57.529998779296875,56.2400016784668,56.810001373291016,47.4820442199707,12749600
2018-12-31,QCOM,57.119998931884766,57.40999984741211,56.279998779296875,56.90999984741211,47.56562423706055,8877000
2019-01-02,QCOM,56.20000076293945,58.0,55.91999816894531,57.400001525878906,47.97516632080078,9896600
2019-01-03,QCOM,55.95000076293945,56.84000015258789,55.52000045776367,55.70000076293945,46.554290771484375,14422200
2019-01-04,QCOM,56.5,56.83000183105469,55.209999084472656,56.599998474121094,47.3065185546875,14177300
2019-01-07,QCOM,56.38999938964844,57.15999984741211,55.95000076293945,56.439998626708984,47.172794342041016,12352000
2019-01-08,QCOM,56.709999084472656,56.880001068115234,55.61000061035156,55.95000076293945,46.763248443603516,12110000
2019-01-09,QCOM,56.2599983215332,57.11000061035156,56.13999938964844,56.61000061035156,47.31488800048828,10971000
2019-01-10,QCOM,56.189998626708984,56.9900016784668,56.099998474121094,56.79999923706055,47.473690032958984,10958200
2019-01-11,QCOM,56.470001220703125,58.16999816894531,56.33000183105469,57.5,48.058738708496094,12024300
2019-01-14,QCOM,57.02000045776367,57.650001525878906,56.369998931884766,57.29999923706055,47.891578674316406,9449400
2019-01-15,QCOM,57.31999969482422,57.400001525878906,55.560001373291016,55.72999954223633,46.579368591308594,17423400
2019-01-16,QCOM,55.75,56.08000183105469,55.15999984741211,55.27000045776367,46.19489669799805,13856000
2019-01-17,QCOM,54.970001220703125,55.20000076293945,54.369998931884766,54.77000045776367,45.777000427246094,18365000
2019-01-18,QCOM,55.38999938964844,55.900001525878906,54.9900016784668,55.27000045776367,46.19489669799805,28020000
2019-01-22,QCOM,54.970001220703125,54.9900016784668,53.939998626708984,54.290000915527344,45.375816345214844,17867500
2019-01-23,QCOM,52.91999816894531,53.56999969482422,51.220001220703125,51.77000045776367,43.26960372924805,33788600
2019-01-24,QCOM,51.95000076293945,51.97999954223633,50.40999984741211,50.810001373291016,42.467220306396484,32782700
2019-01-25,QCOM,50.93000030517578,52.029998779296875,50.279998779296875,51.29999923706055,42.876766204833984,19516200
2019-01-28,QCOM,50.31999969482422,51.290000915527344,50.2400016784668,50.63999938964844,42.32512664794922,24457600
2019-01-29,QCOM,50.4900016784668,50.84000015258789,49.34000015258789,49.400001525878906,41.288734436035156,26266600
2019-01-30,QCOM,49.68000030517578,50.869998931884766,49.209999084472656,50.16999816894531,41.93229675292969,18124100
2019-01-31,QCOM,51.20000076293945,51.279998779296875,49.099998474121094,49.52000045776367,41.38903045654297,24736300
2019-02-01,QCOM,49.58000183105469,50.279998779296875,49.400001525878906,49.61000061035156,41.46425247192383,15533200
2019-02-04,QCOM,49.709999084472656,49.79999923706055,49.470001220703125,49.689998626708984,41.5311164855957,10880000
2019-02-05,QCOM,49.72999954223633,51.08000183105469,49.720001220703125,50.72999954223633,42.40033721923828,15454200
2019-02-06,QCOM,50.939998626708984,51.63999938964844,50.93000030517578,51.099998474121094,42.709598541259766,11052900
2019-02-07,QCOM,50.83000183105469,51.119998931884766,50.27000045776367,50.54999923706055,42.24990463256836,10623300
2019-02-08,QCOM,50.2400016784668,50.68000030517578,49.90999984741211,50.290000915527344,42.0325927734375,12461200
2019-02-11,QCOM,50.54999923706055,51.29999923706055,50.380001068115234,50.83000183105469,42.48394012451172,9971800
2019-02-12,QCOM,51.29999923706055,52.18000030517578,51.02000045776367,51.65999984741211,43.17764663696289,16637600
2019-02-13,QCOM,52.0,52.4900016784668,51.560001373291016,51.59000015258789,43.119140625,11004000
2019-02-14,QCOM,51.5,51.77000045776367,51.09000015258789,51.56999969482422,43.1024284362793,17895000
2019-02-15,QCOM,52.08000183105469,52.36000061035156,51.599998474121094,51.97999954223633,43.445098876953125,12239500
2019-02-19,QCOM,52.0,52.47999954223633,51.75,52.0099983215332,43.470176696777344,8258400
2019-02-20,QCOM,52.25,52.91999816894531,52.13999938964844,52.45000076293945,43.83793258666992,12863700
2019-02-21,QCOM,52.5,52.59000015258789,51.900001525878906,52.349998474121094,43.754356384277344,7826200
2019-02-22,QCOM,52.689998626708984,53.150001525878906,52.63999938964844,53.119998931884766,44.397926330566406,13394500
2019-02-25,QCOM,53.779998779296875,53.970001220703125,52.900001525878906,52.9900016784668,44.28926086425781,15341700
2019-02-26,QCOM,53.08000183105469,53.220001220703125,52.279998779296875,53.029998779296875,44.32270050048828,11366700
2019-02-27,QCOM,52.95000076293945,53.130001068115234,52.27000045776367,53.040000915527344,44.3310661315918,10426200
2019-02-28,QCOM,53.0,53.7599983215332,52.709999084472656,53.38999938964844,44.62358474731445,19000200
2019-03-01,QCOM,54.0,54.400001525878906,53.709999084472656,54.20000076293945,45.30058670043945,12659000
2019-03-04,QCOM,54.58000183105469,54.70000076293945,53.2599983215332,53.779998779296875,44.949546813964844,14021700
2019-03-05,QCOM,53.900001525878906,54.22999954223633,53.70000076293945,53.939998626708984,45.08327865600586,10092800
2019-03-06,QCOM,53.88999938964844,55.459999084472656,53.72999954223633,54.79999923706055,46.334659576416016,20521300
2019-03-07,QCOM,54.83000183105469,55.04999923706055,53.61000061035156,54.029998779296875,45.6836051940918,13667300
2019-03-08,QCOM,53.45000076293945,53.630001068115234,53.029998779296875,53.529998779296875,45.260833740234375,10117100
2019-03-11,QCOM,53.720001220703125,54.75,53.650001525878906,54.349998474121094,45.95417022705078,10738800
2019-03-12,QCOM,54.65999984741211,55.310001373291016,54.540000915527344,54.84000015258789,46.36848449707031,9575300
2019-03-13,QCOM,55.029998779296875,55.939998626708984,55.0,55.38999938964844,46.8335075378418,9198900
2019-03-14,QCOM,55.529998779296875,55.869998931884766,55.25,55.400001525878906,46.841976165771484,7306100
2019-03-15,QCOM,55.0,57.34000015258789,54.91999816894531,56.599998474121094,47.85658645629883,27985600
2019-03-18,QCOM,56.619998931884766,57.189998626708984,56.439998626708984,56.83000183105469,48.051082611083984,13089300
2019-03-19,QCOM,57.16999816894531,57.68000030517578,56.779998779296875,56.970001220703125,48.169437408447266,9363700
2019-03-20,QCOM,57.029998779296875,57.689998626708984,56.75,57.15999984741211,48.3300895690918,8804800
2019-03-21,QCOM,57.22999954223633,58.279998779296875,57.20000076293945,57.77000045776367,48.84585952758789,19542700
2019-03-22,QCOM,57.68000030517578,58.09000015258789,56.75,56.81999969482422,48.042606353759766,10243500
2019-03-25,QCOM,56.58000183105469,56.939998626708984,56.06999969482422,56.63999938964844,47.89042282104492,6929600
2019-03-26,QCOM,57.150001525878906,58.38999938964844,56.66999816894531,58.0,49.040313720703125,16051800
2019-03-27,QCOM,57.349998474121094,57.66999816894531,56.31999969482422,56.90999984741211,48.11870193481445,11934400
2019-03-28,QCOM,57.029998779296875,57.38999938964844,56.34000015258789,56.54999923706055,47.814334869384766,11064300
2019-03-29,QCOM,57.0,57.560001373291016,56.939998626708984,57.029998779296875,48.22016906738281,8529100
2019-04-01,QCOM,57.63999938964844,58.150001525878906,57.11000061035156,57.810001373291016,48.87968063354492,12066500
2019-04-02,QCOM,57.97999954223633,58.529998779296875,57.65999984741211,58.09000015258789,49.11642837524414,7614500
2019-04-03,QCOM,58.20000076293945,58.290000915527344,57.18000030517578,57.68000030517578,48.769752502441406,11563400
2019-04-04,QCOM,57.75,58.61000061035156,57.689998626708984,57.86000061035156,48.92195129394531,9905100
2019-04-05,QCOM,57.97999954223633,58.189998626708984,57.689998626708984,57.9900016784668,49.03187942504883,12332600
2019-04-08,QCOM,57.790000915527344,58.4900016784668,57.5099983215332,57.7599983215332,48.837406158447266,8942400
2019-04-09,QCOM,57.56999969482422,57.65999984741211,57.029998779296875,57.439998626708984,48.56684112548828,11713400
2019-04-10,QCOM,57.709999084472656,57.86000061035156,56.099998474121094,56.33000183105469,47.6283073425293,15976500
2019-04-11,QCOM,56.439998626708984,56.900001525878906,55.790000915527344,55.900001525878906,47.264732360839844,13903800
2019-04-12,QCOM,56.279998779296875,57.16999816894531,56.06999969482422,56.95000076293945,48.15252685546875,13483500
2019-04-15,QCOM,57.13999938964844,57.66999816894531,57.029998779296875,57.18000030517578,48.34700012207031,10712500
2019-04-16,QCOM,57.459999084472656,71.02999877929688,57.290000915527344,70.44999694824219,59.56707763671875,86755900
2019-04-17,QCOM,78.81999969482422,82.5199966430664,76.48999786376953,79.08000183105469,66.86394500732422,156019300
2019-04-18,QCOM,78.72000122070312,80.19999694824219,78.0199966430664,79.88999938964844,67.548828125,41621200
2019-04-22,QCOM,79.83000183105469,82.5,79.33999633789062,81.97000122070312,69.30752563476562,33292500
2019-04-23,QCOM,83.9000015258789,87.95999908447266,83.2699966430664,86.72000122070312,73.32374572753906,56973700
2019-04-24,QCOM,87.04000091552734,88.62999725341797,85.30000305175781,86.83000183105469,73.41674041748047,40290400
2019-04-25,QCOM,86.16999816894531,86.31999969482422,84.5199966430664,85.06999969482422,71.92864227294922,20732200
2019-04-26,QCOM,84.51000213623047,86.76000213623047,84.20999908447266,86.63999938964844,73.25611114501953,18860600
2019-04-29,QCOM,86.4000015258789,87.9800033569336,85.83999633789062,87.25,73.77188110351562,17930000
2019-04-30,QCOM,86.9800033569336,87.45999908447266,86.05000305175781,86.12999725341797,72.82488250732422,17582400
2019-05-01,QCOM,87.16999816894531,88.22000122070312,86.1500015258789,86.37000274658203,73.0278091430664,28211500
2019-05-02,QCOM,87.5,90.33999633789062,86.1500015258789,87.13999938964844,73.67887115478516,40342000
2019-05-03,QCOM,87.76000213623047,89.81999969482422,87.05999755859375,89.29000091552734,75.49674987792969,21068400
2019-05-06,QCOM,86.33000183105469,88.69999694824219,86.13999938964844,88.25,74.6174087524414,15682100
2019-05-07,QCOM,87.19999694824219,88.1500015258789,84.77999877929688,85.19999694824219,72.03856658935547,21579500
2019-05-08,QCOM,84.8499984741211,85.72000122070312,84.11000061035156,84.54000091552734,71.48052978515625,15500700
2019-05-09,QCOM,83.37000274658203,84.83999633789062,82.26000213623047,83.77999877929688,70.83792114257812,14516000
2019-05-10,QCOM,83.37999725341797,86.33000183105469,83.3499984741211,85.83999633789062,72.5796890258789,15955600
2019-05-13,QCOM,83.23999786376953,84.8499984741211,82.98999786376953,83.88999938964844,70.93092346191406,16689000
2019-05-14,QCOM,84.2699966430664,86.44000244140625,84.0,86.12999725341797,72.82488250732422,14353700
2019-05-15,QCOM,85.55000305175781,87.0,84.88999938964844,86.26000213623047,72.934814453125,11784800
2019-05-16,QCOM,83.79000091552734,84.80000305175781,82.12999725341797,82.80999755859375,70.01774597167969,22498800
2019-05-17,QCOM,80.48999786376953,83.12000274658203,80.0,81.5,68.9101333618164,19523400
2019-05-20,QCOM,77.94999694824219,78.33000183105469,76.06999969482422,76.62000274658203,64.78395080566406,32679300
2019-05-21,QCOM,78.91000366210938,79.04000091552734,77.22000122070312,77.75,65.73941040039062,17282200
2019-05-22,QCOM,69.12999725341797,71.73999786376953,67.97000122070312,69.30999755859375,58.60319137573242,66150700
2019-05-23,QCOM,67.0199966430664,68.2699966430664,65.9000015258789,68.26000213623047,57.71540069580078,31820700
2019-05-24,QCOM,68.93000030517578,69.1500015258789,65.97000122070312,66.20999908447266,55.98206329345703,21420000
2019-05-28,QCOM,66.63999938964844,67.70999908447266,65.23999786376953,65.37000274658203,55.27183151245117,22667300
2019-05-29,QCOM,65.36000061035156,66.1500015258789,64.76000213623047,65.76000213623047,55.60158920288086,16312600
2019-05-30,QCOM,65.97000122070312,67.06999969482422,65.93000030517578,66.58999633789062,56.303375244140625,11554600
2019-05-31,QCOM,65.77999877929688,67.83999633789062,65.52999877929688,66.81999969482422,56.49783706665039,15060300
2019-06-03,QCOM,67.08999633789062,68.12999725341797,66.27999877929688,66.66000366210938,56.36256408691406,13620700
2019-06-04,QCOM,67.61000061035156,68.5,66.69999694824219,68.44999694824219,57.87604522705078,15866700
2019-06-05,QCOM,68.04000091552734,68.33000183105469,65.83000183105469,67.0199966430664,57.18490982055664,11779200
2019-06-06,QCOM,66.91999816894531,67.97000122070312,66.2699966430664,67.58999633789062,57.671241760253906,10781700
2019-06-07,QCOM,67.69000244140625,68.77999877929688,67.30000305175781,68.69000244140625,58.60983657836914,10495600
2019-06-10,QCOM,69.0,71.45999908447266,69.0,70.54000091552734,60.1883544921875,15229200
2019-06-11,QCOM,71.58000183105469,72.22000122070312,70.2699966430664,71.23999786376953,60.78562545776367,11839500
2019-06-12,QCOM,69.52999877929688,70.37000274658203,69.19999694824219,69.58999633789062,59.37776565551758,9396200
2019-06-13,QCOM,69.97000122070312,70.48999786376953,69.37999725341797,69.93000030517578,59.66787338256836,6790500
2019-06-14,QCOM,68.3499984741211,69.12000274658203,67.9000015258789,68.72000122070312,58.635440826416016,12119500
2019-06-17,QCOM,69.08999633789062,69.9800033569336,68.9000015258789,69.11000061035156,58.96820831298828,9411100
2019-06-18,QCOM,69.69000244140625,72.38999938964844,69.66999816894531,71.95999908447266,61.39997100830078,14508000
2019-06-19,QCOM,72.37000274658203,72.62000274658203,70.80000305175781,71.80000305175781,61.263450622558594,11999300
2019-06-20,QCOM,73.19000244140625,73.66999816894531,72.2300033569336,72.73999786376953,62.06550216674805,9871800
2019-06-21,QCOM,72.30999755859375,73.16999816894531,72.30999755859375,72.72000122070312,62.04842758178711,15244500
2019-06-24,QCOM,72.97000122070312,73.44999694824219,72.19999694824219,73.16000366210938,62.42388153076172,8893000
2019-06-25,QCOM,73.2300033569336,74.13999938964844,72.5199966430664,72.55000305175781,61.903404235839844,8953400
2019-06-26,QCOM,73.76000213623047,75.69000244140625,73.6500015258789,74.94999694824219,63.95118713378906,13808000
2019-06-27,QCOM,75.33999633789062,75.9000015258789,75.16999816894531,75.43000030517578,64.36077880859375,11151900
2019-06-28,QCOM,75.66000366210938,76.44000244140625,74.80999755859375,76.06999969482422,64.9068374633789,29217500
2019-07-01,QCOM,80.66999816894531,80.76000213623047,77.08000183105469,77.5199966430664,66.14404296875,17693000
2019-07-02,QCOM,77.27999877929688,77.4800033569336,76.62000274658203,77.01000213623047,65.7088851928711,7075600
2019-07-03,QCOM,77.06999969482422,77.2300033569336,76.05000305175781,76.62999725341797,65.3846435546875,5290400
2019-07-05,QCOM,74.19999694824219,76.72000122070312,74.0999984741211,76.66000366210938,65.41026306152344,9220800
2019-07-08,QCOM,75.9800033569336,77.02999877929688,75.93000030517578,76.62999725341797,65.3846435546875,7924900
2019-07-09,QCOM,76.44000244140625,76.83999633789062,75.83999633789062,76.55000305175781,65.31640625,7506500
2019-07-10,QCOM,76.83000183105469,76.91000366210938,74.08000183105469,74.36000061035156,63.44777297973633,15075700
2019-07-11,QCOM,74.5199966430664,75.77999877929688,73.30000305175781,73.70999908447266,62.89317321777344,14298400
2019-07-12,QCOM,74.25,74.9800033569336,73.66000366210938,74.9000015258789,63.90854263305664,8028100
2019-07-15,QCOM,75.1500015258789,75.9000015258789,74.79000091552734,75.43000030517578,64.36077880859375,8898200
2019-07-16,QCOM,75.11000061035156,76.5,74.55000305175781,75.66999816894531,64.56551361083984,9909600
2019-07-17,QCOM,78.56999969482422,79.4000015258789,75.70999908447266,75.76000213623047,64.64231872558594,20602300
2019-07-18,QCOM,74.97000122070312,75.3499984741211,74.05000305175781,74.37000274658203,63.4563102722168,12580800
2019-07-19,QCOM,74.41999816894531,75.70999908447266,74.41999816894531,75.0,63.99384689331055,14477400
2019-07-22,QCOM,75.05999755859375,76.62000274658203,75.05999755859375,75.94999694824219,64.804443359375,9645800
2019-07-23,QCOM,75.33999633789062,75.58999633789062,73.30999755859375,74.12000274658203,63.24300765991211,14420400
2019-07-24,QCOM,74.01000213623047,76.41999816894531,73.68000030517578,75.87000274658203,64.7361831665039,14012700
2019-07-25,QCOM,75.83999633789062,76.13999938964844,75.0999984741211,75.3499984741211,64.29251098632812,7299500
2019-07-26,QCOM,75.11000061035156,75.8499984741211,74.8499984741211,75.22000122070312,64.18157196044922,8262500
2019-07-29,QCOM,75.16000366210938,76.31999969482422,74.66999816894531,74.97000122070312,63.968265533447266,8237500
2019-07-30,QCOM,74.58000183105469,75.06999969482422,74.36000061035156,74.80999755859375,63.83174133300781,7397900
2019-07-31,QCOM,74.83000183105469,75.27999877929688,72.76000213623047,73.16000366210938,62.42388153076172,14052800
2019-08-01,QCOM,68.87999725341797,73.70999908447266,68.25,71.19999694824219,60.7514762878418,29729800
2019-08-02,QCOM,70.44000244140625,71.52999877929688,70.01000213623047,71.1500015258789,60.70882034301758,12649400
2019-08-05,QCOM,69.97000122070312,70.83999633789062,68.55999755859375,68.80000305175781,58.703704833984375,13071800
2019-08-06,QCOM,69.5199966430664,69.93000030517578,67.37999725341797,68.16999816894531,58.16615295410156,13189900
2019-08-07,QCOM,67.26000213623047,69.5999984741211,67.12000274658203,69.4000015258789,59.21565246582031,8934900
2019-08-08,QCOM,69.55999755859375,71.3499984741211,69.3499984741211,71.26000213623047,60.802703857421875,8367900
2019-08-09,QCOM,70.51000213623047,72.19000244140625,70.19000244140625,71.5,61.007476806640625,8702200
2019-08-12,QCOM,71.0,71.4800033569336,69.7300033569336,69.80000305175781,59.556949615478516,7364300
2019-08-13,QCOM,69.88999938964844,72.47000122070312,69.30999755859375,72.18000030517578,61.58769989013672,10134800
2019-08-14,QCOM,70.63999938964844,71.88999938964844,70.55000305175781,70.87999725341797,60.47846603393555,10336900
2019-08-15,QCOM,71.44000244140625,72.19000244140625,70.58999633789062,71.16000366210938,60.71736526489258,9107000
2019-08-16,QCOM,71.8499984741211,73.41000366210938,71.7300033569336,73.27999877929688,62.526268005371094,10090600
2019-08-19,QCOM,74.58000183105469,75.52999877929688,74.13999938964844,74.87000274658203,63.88292694091797,9688400
2019-08-20,QCOM,74.56999969482422,76.44000244140625,74.33000183105469,76.06999969482422,64.9068374633789,9387300
2019-08-21,QCOM,76.5,77.19000244140625,75.98999786376953,76.69999694824219,65.44438934326172,11004100
2019-08-22,QCOM,76.91000366210938,77.94999694824219,76.5999984741211,77.1500015258789,65.8283462524414,7198800
2019-08-23,QCOM,76.12000274658203,79.0999984741211,73.22000122070312,73.5199966430664,62.731048583984375,16479400
2019-08-26,QCOM,74.9000015258789,75.08999633789062,72.5199966430664,72.91000366210938,62.2105827331543,11153800
2019-08-27,QCOM,73.68000030517578,74.37999725341797,73.19999694824219,73.97000122070312,63.11501693725586,7303100
2019-08-28,QCOM,73.79000091552734,74.87999725341797,72.91000366210938,74.3499984741211,63.43924331665039,5678500
2019-08-29,QCOM,75.22000122070312,77.02999877929688,75.22000122070312,76.44999694824219,65.23106384277344,7348400
2019-08-30,QCOM,77.18000030517578,78.05000305175781,77.0,77.7699966430664,66.35733795166016,8465300
2019-09-03,QCOM,76.7699966430664,76.98999786376953,74.69999694824219,75.12000274658203,64.09626770019531,7580700
2019-09-04,QCOM,75.98999786376953,77.12000274658203,75.62999725341797,77.08999633789062,65.77714538574219,4923700
2019-09-05,QCOM,77.88999938964844,80.44000244140625,77.88999938964844,78.98999786376953,67.39833068847656,13480300
2019-09-06,QCOM,78.95999908447266,79.08000183105469,78.44000244140625,78.83999633789062,67.27035522460938,5128000
2019-09-09,QCOM,79.04000091552734,79.44999694824219,77.97000122070312,78.20999908447266,66.7328109741211,6885100
2019-09-10,QCOM,78.02999877929688,78.87999725341797,77.33999633789062,78.70999908447266,67.159423828125,9373900
2019-09-11,QCOM,78.16999816894531,79.91000366210938,78.12000274658203,79.9000015258789,68.71607208251953,6575700
2019-09-12,QCOM,80.05000305175781,80.05000305175781,78.58000183105469,79.08000183105469,68.01084899902344,5847100
2019-09-13,QCOM,79.18000030517578,79.54000091552734,78.37000274658203,78.41000366210938,67.43463134765625,5343700
2019-09-16,QCOM,77.58000183105469,78.48999786376953,76.91000366210938,78.04000091552734,67.11641693115234,3756500
2019-09-17,QCOM,77.61000061035156,78.79000091552734,77.51000213623047,78.69000244140625,67.67545318603516,4400800
2019-09-18,QCOM,78.69000244140625,79.06999969482422,77.63999938964844,78.9000015258789,67.85604858398438,5147500
2019-09-19,QCOM,79.23999786376953,80.0,78.20999908447266,78.2300033569336,67.2798080444336,5180900
2019-09-20,QCOM,78.19999694824219,78.69999694824219,76.16999816894531,76.44000244140625,65.74038696289062,9122000
2019-09-23,QCOM,76.66999816894531,77.91000366210938,76.05999755859375,77.23999786376953,66.42838287353516,5815700
2019-09-24,QCOM,78.08000183105469,78.30000305175781,74.62999725341797,75.2300033569336,64.69975280761719,10177800
2019-09-25,QCOM,75.02999877929688,77.48999786376953,74.87999725341797,77.26000213623047,66.44560241699219,5571600
2019-09-26,QCOM,77.16000366210938,77.69000244140625,75.94000244140625,77.3499984741211,66.52300262451172,3760300
2019-09-27,QCOM,77.01000213623047,78.19999694824219,76.20999908447266,76.62999725341797,65.9037857055664,5013200
2019-09-30,QCOM,76.88999938964844,76.94999694824219,76.0199966430664,76.27999877929688,65.6027603149414,4775800
2019-10-01,QCOM,77.05999755859375,78.05999755859375,74.97000122070312,75.47000122070312,64.90614318847656,7043700
2019-10-02,QCOM,75.26000213623047,75.70999908447266,73.7699966430664,73.98999786376953,63.6333122253418,5997500
2019-10-03,QCOM,73.93000030517578,75.83000183105469,73.16000366210938,75.7300033569336,65.1297607421875,5419400
2019-10-04,QCOM,76.31999969482422,77.55999755859375,75.83999633789062,77.48999786376953,66.64340209960938,4893600
2019-10-07,QCOM,77.01000213623047,77.55000305175781,76.2699966430664,76.33999633789062,65.65436553955078,4215500
2019-10-08,QCOM,75.5199966430664,75.81999969482422,72.80999755859375,72.8499984741211,62.65289306640625,8489600
2019-10-09,QCOM,73.91000366210938,74.80000305175781,73.55999755859375,74.3499984741211,63.94291305541992,5137500
2019-10-10,QCOM,74.3499984741211,75.97000122070312,74.16999816894531,74.97000122070312,64.47614288330078,5580600
2019-10-11,QCOM,76.19000244140625,77.81999969482422,76.01000213623047,76.69999694824219,65.9639892578125,7280800
2019-10-14,QCOM,76.6500015258789,77.37000274658203,76.27999877929688,76.30000305175781,65.62000274658203,4545300
2019-10-15,QCOM,76.87999725341797,77.9800033569336,76.27999877929688,77.81999969482422,66.92720794677734,5222500
2019-10-16,QCOM,77.48999786376953,78.31999969482422,77.27999877929688,78.2300033569336,67.2798080444336,6218000
2019-10-17,QCOM,78.69999694824219,79.95999908447266,78.4000015258789,78.97000122070312,67.9162368774414,5916700
2019-10-18,QCOM,78.62000274658203,79.22000122070312,77.66999816894531,77.68000030517578,66.80680084228516,6107000
2019-10-21,QCOM,78.37999725341797,79.08999633789062,78.01000213623047,78.9800033569336,67.92485809326172,5119800
2019-10-22,QCOM,78.93000030517578,79.06999969482422,78.23999786376953,78.47000122070312,67.48623657226562,4944500
2019-10-23,QCOM,77.20999908447266,78.12999725341797,76.87000274658203,77.23999786376953,66.42838287353516,5785700
2019-10-24,QCOM,78.05999755859375,79.0199966430664,77.58999633789062,78.98999786376953,67.93342590332031,5271200
2019-10-25,QCOM,79.0,80.2300033569336,78.91000366210938,80.16999816894531,68.94825744628906,6712300
2019-10-28,QCOM,80.55000305175781,83.12999725341797,80.54000091552734,83.05000305175781,71.42514038085938,9949800
2019-10-29,QCOM,82.75,82.8499984741211,81.44000244140625,81.66000366210938,70.2297134399414,4993600
2019-10-30,QCOM,82.0999984741211,82.25,80.8499984741211,81.44000244140625,70.04051208496094,3971000
2019-10-31,QCOM,81.44000244140625,81.47000122070312,79.83999633789062,80.44000244140625,69.18048095703125,5693700
2019-11-01,QCOM,81.58999633789062,83.6500015258789,81.25,83.58000183105469,71.88096618652344,8620300
2019-11-04,QCOM,84.54000091552734,85.87000274658203,84.30999755859375,85.08999633789062,73.17961120605469,8389200
2019-11-05,QCOM,85.19999694824219,85.73999786376953,84.7300033569336,85.45999908447266,73.497802734375,7280000
2019-11-06,QCOM,85.33999633789062,85.61000061035156,84.22000122070312,84.62999725341797,72.78399658203125,9755300
2019-11-07,QCOM,89.83000183105469,92.5,88.31999969482422,89.9800033569336,77.38514709472656,30254000
2019-11-08,QCOM,89.9800033569336,94.11000061035156,89.5999984741211,94.02999877929688,80.86823272705078,16371300
2019-11-11,QCOM,91.70999908447266,92.5199966430664,90.88999938964844,91.83999633789062,78.9847640991211,11297700
2019-11-12,QCOM,92.18000030517578,92.25,90.16999816894531,90.97000122070312,78.23655700683594,9332100
2019-11-13,QCOM,90.69999694824219,91.9000015258789,89.62000274658203,90.47000122070312,77.8065185546875,9353200
2019-11-14,QCOM,90.30999755859375,90.58000183105469,89.43000030517578,90.4800033569336,77.81512451171875,8793600
2019-11-15,QCOM,92.5999984741211,93.94000244140625,90.58000183105469,90.80999755859375,78.09895324707031,25490200
2019-11-18,QCOM,90.80999755859375,91.9800033569336,89.27999877929688,90.4800033569336,77.81512451171875,10360500
2019-11-19,QCOM,91.25,91.38999938964844,86.68000030517578,87.95999908447266,75.64784240722656,18091300
2019-11-20,QCOM,87.81999969482422,88.36000061035156,85.30999755859375,85.62000274658203,73.63541412353516,13045100
2019-11-21,QCOM,84.79000091552734,86.30000305175781,84.55000305175781,85.11000061035156,73.19679260253906,10180400
2019-11-22,QCOM,85.29000091552734,85.81999969482422,84.52999877929688,84.88999938964844,73.00757598876953,6166700
2019-11-25,QCOM,85.76000213623047,86.29000091552734,85.08000183105469,85.29000091552734,73.3515853881836,8964100
2019-11-26,QCOM,85.25,85.55000305175781,84.13999938964844,84.62999725341797,72.78399658203125,11584500
2019-11-27,QCOM,85.16000366210938,85.30999755859375,84.47000122070312,84.80000305175781,72.93018341064453,5215000
2019-11-29,QCOM,84.51000213623047,85.0999984741211,83.41999816894531,83.55000305175781,71.85514068603516,3882400
2019-12-02,QCOM,83.9800033569336,84.29000091552734,82.30999755859375,82.44999694824219,70.90912628173828,7668800
2019-12-03,QCOM,81.37999725341797,81.38999938964844,79.80999755859375,80.58000183105469,69.3008804321289,11126100
2019-12-04,QCOM,80.91999816894531,82.44000244140625,80.44999694824219,82.08000183105469,71.13827514648438,8477400
2019-12-05,QCOM,82.6500015258789,83.44000244140625,81.77999877929688,82.58999633789062,71.5802993774414,6358300
2019-12-06,QCOM,83.44999694824219,84.25,83.41999816894531,83.81999969482422,72.64631652832031,6860400
2019-12-09,QCOM,84.0,85.30000305175781,83.83999633789062,84.91999816894531,73.59968566894531,8382900
2019-12-10,QCOM,85.04000091552734,85.33000183105469,83.69000244140625,84.12000274658203,72.90632629394531,8082200
2019-12-11,QCOM,84.83999633789062,87.0999984741211,84.76000213623047,86.98999786376953,75.39373779296875,9571500
2019-12-12,QCOM,86.83999633789062,89.2300033569336,86.37000274658203,89.05000305175781,77.17913818359375,12164600
2019-12-13,QCOM,88.91000366210938,89.69999694824219,87.55999755859375,87.83000183105469,76.12177276611328,12269100
2019-12-16,QCOM,89.27999877929688,90.45999908447266,88.3499984741211,88.43000030517578,76.64177703857422,8719100
2019-12-17,QCOM,89.0,89.04000091552734,87.68000030517578,88.31999969482422,76.54644775390625,7485900
2019-12-18,QCOM,88.54000091552734,88.6500015258789,87.58999633789062,87.9800033569336,76.25176239013672,5860600
2019-12-19,QCOM,88.36000061035156,88.69999694824219,87.62000274658203,88.48999786376953,76.69378662109375,7471400
2019-12-20,QCOM,88.81999969482422,89.8499984741211,88.18000030517578,88.8499984741211,77.00579833984375,17538000
2019-12-23,QCOM,89.01000213623047,89.33000183105469,88.25,88.44999694824219,76.65911102294922,7274700
2019-12-24,QCOM,88.62000274658203,88.80999755859375,87.9800033569336,88.7699966430664,76.93647766113281,2435200
2019-12-26,QCOM,88.91999816894531,88.95999908447266,88.0,88.4000015258789,76.61577606201172,5070000
2019-12-27,QCOM,88.9000015258789,88.94999694824219,88.08999633789062,88.80000305175781,76.96247100830078,5808900
2019-12-30,QCOM,88.70999908447266,88.77999877929688,87.30999755859375,88.43000030517578,76.64177703857422,6543100
2019-12-31,QCOM,87.98999786376953,88.7699966430664,87.87999725341797,88.2300033569336,76.46846008300781,5173400
2020-01-02,QCOM,89.05000305175781,89.80999755859375,88.08000183105469,88.69000244140625,76.86713409423828,8413900
2020-01-03,QCOM,87.26000213623047,87.63999938964844,86.44000244140625,87.0199966430664,75.41973114013672,8340300
2020-01-06,QCOM,85.91000366210938,86.55000305175781,85.54000091552734,86.51000213623047,74.97773742675781,8381400
2020-01-07,QCOM,87.04000091552734,89.48999786376953,86.91000366210938,88.97000122070312,77.10980224609375,8377400
2020-01-08,QCOM,88.9000015258789,89.47000122070312,87.91999816894531,88.70999908447266,76.88445281982422,7619900
2020-01-09,QCOM,89.66000366210938,90.72000122070312,88.83000183105469,89.91000366210938,77.92449951171875,9155500
2020-01-10,QCOM,90.51000213623047,92.38999938964844,89.87000274658203,90.26000213623047,78.22781372070312,9668300
2020-01-13,QCOM,91.05000305175781,92.7300033569336,90.55000305175781,90.97000122070312,78.84319305419922,10367800
2020-01-14,QCOM,91.12999725341797,91.61000061035156,90.29000091552734,90.55999755859375,78.48783111572266,7800100
2020-01-15,QCOM,90.75,91.18000030517578,89.25,89.66999816894531,77.71649932861328,7259100
2020-01-16,QCOM,90.22000122070312,92.2300033569336,89.81999969482422,91.79000091552734,79.55387878417969,9295500
2020-01-17,QCOM,93.0,96.16999816894531,92.94999694824219,95.91000366210938,83.12464904785156,23694400
2020-01-21,QCOM,95.33000183105469,95.72000122070312,93.41999816894531,94.54000091552734,81.93728637695312,10868500
2020-01-22,QCOM,95.26000213623047,95.38999938964844,92.70999908447266,92.97000122070312,80.57658386230469,8342300
2020-01-23,QCOM,92.8499984741211,92.94999694824219,91.45999908447266,92.0,79.73589324951172,11282000
2020-01-24,QCOM,92.68000030517578,93.25,88.83000183105469,89.6500015258789,77.69915771484375,9471700
2020-01-27,QCOM,87.30000305175781,88.22000122070312,86.44999694824219,87.05000305175781,75.44576263427734,9240200
2020-01-28,QCOM,88.1500015258789,89.54000091552734,87.38999938964844,89.1500015258789,77.26581573486328,9187000
2020-01-29,QCOM,88.66000366210938,89.0199966430664,87.3499984741211,88.2300033569336,76.46846008300781,8158500
2020-01-30,QCOM,87.30999755859375,87.86000061035156,86.19000244140625,87.77999877929688,76.07841491699219,8379400
2020-01-31,QCOM,87.05000305175781,87.16999816894531,85.04000091552734,85.30999755859375,73.93769836425781,9503600
2020-02-03,QCOM,85.55000305175781,86.58000183105469,85.16000366210938,86.4800033569336,74.95173645019531,7792700
2020-02-04,QCOM,88.25,88.94999694824219,87.37000274658203,88.93000030517578,77.07512664794922,9236400
2020-02-05,QCOM,90.98999786376953,91.13999938964844,89.2699966430664,90.91000366210938,78.79120635986328,14220900
2020-02-06,QCOM,88.05999755859375,90.77999877929688,86.19000244140625,90.61000061035156,78.53117370605469,21059000
2020-02-07,QCOM,89.62000274658203,90.02999877929688,87.37999725341797,87.41999816894531,75.76641082763672,10725100
2020-02-10,QCOM,86.77999877929688,88.63999938964844,86.5,88.5999984741211,76.78912353515625,7481300
2020-02-11,QCOM,89.37000274658203,91.47000122070312,88.9000015258789,90.0,78.00248718261719,9452800
2020-02-12,QCOM,91.6500015258789,92.44000244140625,91.29000091552734,91.72000122070312,79.49319458007812,9824200
2020-02-13,QCOM,91.02999877929688,91.37999725341797,89.77999877929688,90.02999877929688,78.02850341796875,8428300
2020-02-14,QCOM,90.55000305175781,90.80000305175781,88.79000091552734,89.5999984741211,77.65579986572266,6256500
2020-02-18,QCOM,87.83000183105469,89.0,87.52999877929688,88.02999877929688,76.29509735107422,7248100
2020-02-19,QCOM,88.91999816894531,90.62000274658203,88.6500015258789,90.55999755859375,78.48783111572266,7820900
2020-02-20,QCOM,90.80999755859375,91.87999725341797,88.68000030517578,89.47000122070312,77.54317474365234,9754900
2020-02-21,QCOM,88.55999755859375,89.02999877929688,86.33000183105469,87.02999877929688,75.42842102050781,12257600
2020-02-24,QCOM,83.9000015258789,84.83000183105469,82.70999908447266,83.31999969482422,72.2129898071289,12158500
2020-02-25,QCOM,83.94000244140625,84.4000015258789,79.63999938964844,80.22000122070312,69.52622985839844,14725000
2020-02-26,QCOM,81.0,82.02999877929688,79.08999633789062,79.66000366210938,69.04086303710938,13125000
2020-02-27,QCOM,77.12999725341797,78.19000244140625,75.33000183105469,75.94000244140625,65.81678009033203,17898300
2020-02-28,QCOM,73.76000213623047,79.80999755859375,73.33999633789062,78.30000305175781,67.86217498779297,20843300
2017-01-03,GLW,24.399999618530273,24.530000686645508,24.1200008392334,24.299999237060547,19.04228973388672,6855300
2017-01-04,GLW,24.3799991607666,24.639999389648438,24.3799991607666,24.459999084472656,19.167675018310547,6486400
2017-01-05,GLW,24.3700008392334,24.690000534057617,24.299999237060547,24.309999465942383,19.050125122070312,7228500
2017-01-06,GLW,24.3799991607666,24.639999389648438,24.290000915527344,24.520000457763672,19.21468734741211,5554100
2017-01-09,GLW,24.59000015258789,24.739999771118164,24.459999084472656,24.469999313354492,19.175500869750977,6682500
2017-01-10,GLW,24.520000457763672,24.770000457763672,24.40999984741211,24.489999771118164,19.191177368164062,7040700
2017-01-11,GLW,24.440000534057617,24.739999771118164,24.420000076293945,24.670000076293945,19.332231521606445,4988600
2017-01-12,GLW,24.6200008392334,24.639999389648438,24.18000030517578,24.530000686645508,19.222522735595703,4506300
2017-01-13,GLW,24.600000381469727,24.860000610351562,24.549999237060547,24.84000015258789,19.465444564819336,3849600
2017-01-17,GLW,24.700000762939453,24.700000762939453,24.1299991607666,24.190000534057617,18.956087112426758,6138500
2017-01-18,GLW,24.299999237060547,24.579999923706055,24.25,24.559999465942383,19.246036529541016,5860700
2017-01-19,GLW,24.559999465942383,24.690000534057617,24.360000610351562,24.420000076293945,19.136327743530273,4544400
2017-01-20,GLW,24.540000915527344,24.93000030517578,24.540000915527344,24.790000915527344,19.426273345947266,6958800
2017-01-23,GLW,24.790000915527344,24.920000076293945,24.6299991607666,24.770000457763672,19.410593032836914,10441100
2017-01-24,GLW,25.229999542236328,26.229999542236328,24.649999618530273,26.18000030517578,20.515520095825195,21332600
2017-01-25,GLW,26.139999389648438,26.989999771118164,26.139999389648438,26.68000030517578,20.90733528137207,14941800
2017-01-26,GLW,26.610000610351562,26.729999542236328,26.18000030517578,26.549999237060547,20.805463790893555,12557100
2017-01-27,GLW,26.510000228881836,26.950000762939453,26.469999313354492,26.68000030517578,20.90733528137207,8603800
2017-01-30,GLW,26.579999923706055,26.65999984741211,26.34000015258789,26.649999618530273,20.88382339477539,9411300
2017-01-31,GLW,26.670000076293945,26.68000030517578,26.190000534057617,26.489999771118164,20.75844383239746,8965200
2017-02-01,GLW,26.290000915527344,26.489999771118164,25.969999313354492,26.209999084472656,20.539026260375977,9607400
2017-02-02,GLW,26.149999618530273,26.399999618530273,26.040000915527344,26.3799991607666,20.672243118286133,5987200
2017-02-03,GLW,26.469999313354492,26.799999237060547,26.450000762939453,26.729999542236328,20.94651222229004,7144100
2017-02-06,GLW,26.600000381469727,26.75,26.510000228881836,26.709999084472656,20.93083953857422,5171700
2017-02-07,GLW,26.729999542236328,26.84000015258789,26.559999465942383,26.59000015258789,20.836811065673828,5555200
2017-02-08,GLW,26.600000381469727,26.6200008392334,26.459999084472656,26.479999542236328,20.750606536865234,4848100
2017-02-09,GLW,26.479999542236328,26.8700008392334,26.479999542236328,26.799999237060547,21.00136375427246,6048300
2017-02-10,GLW,26.799999237060547,26.850000381469727,26.6200008392334,26.700000762939453,20.92301368713379,5809600
2017-02-13,GLW,26.520000457763672,26.920000076293945,26.309999465942383,26.729999542236328,20.94651222229004,7050700
2017-02-14,GLW,26.709999084472656,27.239999771118164,26.68000030517578,27.239999771118164,21.346166610717773,8983600
2017-02-15,GLW,27.149999618530273,27.5,27.139999389648438,27.360000610351562,21.440204620361328,7288000
2017-02-16,GLW,27.399999618530273,27.8799991607666,27.3799991607666,27.709999084472656,21.7144718170166,9934900
2017-02-17,GLW,27.6299991607666,27.670000076293945,27.34000015258789,27.649999618530273,21.667461395263672,4456100
2017-02-21,GLW,27.65999984741211,27.889999389648438,27.65999984741211,27.729999542236328,21.730146408081055,6207100
2017-02-22,GLW,27.610000610351562,27.84000015258789,27.59000015258789,27.739999771118164,21.737979888916016,7972400
2017-02-23,GLW,27.739999771118164,27.829999923706055,27.469999313354492,27.559999465942383,21.59693145751953,5658600
2017-02-24,GLW,27.270000457763672,27.739999771118164,27.1200008392334,27.729999542236328,21.853050231933594,5298000
2017-02-27,GLW,27.56999969482422,27.739999771118164,27.40999984741211,27.649999618530273,21.79001235961914,5252400
2017-02-28,GLW,27.549999237060547,27.670000076293945,27.389999389648438,27.610000610351562,21.75848388671875,9030600
2017-03-01,GLW,27.860000610351562,28.360000610351562,27.850000381469727,28.200000762939453,22.22344398498535,8173600
2017-03-02,GLW,28.1200008392334,28.170000076293945,27.8700008392334,27.8799991607666,21.97126007080078,4837300
2017-03-03,GLW,27.799999237060547,28.020000457763672,27.770000457763672,27.8799991607666,21.97126007080078,4704300
2017-03-06,GLW,27.739999771118164,27.799999237060547,27.610000610351562,27.719999313354492,21.845170974731445,5651800
2017-03-07,GLW,27.75,27.84000015258789,27.649999618530273,27.719999313354492,21.845170974731445,5256100
2017-03-08,GLW,27.809999465942383,27.8799991607666,27.559999465942383,27.6200008392334,21.76636505126953,4986400
2017-03-09,GLW,27.65999984741211,27.729999542236328,27.510000228881836,27.56999969482422,21.726964950561523,4568400
2017-03-10,GLW,27.59000015258789,27.799999237060547,27.510000228881836,27.559999465942383,21.71908187866211,5828200
2017-03-13,GLW,27.59000015258789,27.75,27.549999237060547,27.709999084472656,21.83728790283203,4072800
2017-03-14,GLW,27.219999313354492,27.229999542236328,26.799999237060547,26.850000381469727,21.159555435180664,8447700
2017-03-15,GLW,27.0,27.40999984741211,26.969999313354492,27.229999542236328,21.459014892578125,6139000
2017-03-16,GLW,27.420000076293945,27.489999771118164,27.239999771118164,27.280000686645508,21.498430252075195,4882000
2017-03-17,GLW,27.299999237060547,27.309999465942383,27.170000076293945,27.239999771118164,21.466899871826172,9728500
2017-03-20,GLW,27.309999465942383,27.540000915527344,27.25,27.299999237060547,21.51418113708496,4685200
2017-03-21,GLW,27.40999984741211,27.68000030517578,26.790000915527344,26.8700008392334,21.17531394958496,6172200
2017-03-22,GLW,26.8700008392334,27.450000762939453,26.8700008392334,27.350000381469727,21.553586959838867,5619900
2017-03-23,GLW,27.329999923706055,27.559999465942383,27.280000686645508,27.34000015258789,21.545705795288086,5355400
2017-03-24,GLW,27.440000534057617,27.579999923706055,27.260000228881836,27.40999984741211,21.600873947143555,4461900
2017-03-27,GLW,27.110000610351562,27.479999542236328,26.860000610351562,27.40999984741211,21.600873947143555,4429600
2017-03-28,GLW,27.399999618530273,27.68000030517578,27.309999465942383,27.549999237060547,21.711206436157227,4867700
2017-03-29,GLW,27.5,27.600000381469727,27.399999618530273,27.479999542236328,21.65604019165039,3466600
2017-03-30,GLW,27.43000030517578,27.860000610351562,27.43000030517578,27.559999465942383,21.71908187866211,5689400
2017-03-31,GLW,27.31999969482422,27.3700008392334,26.850000381469727,27.0,21.277769088745117,9246300
2017-04-03,GLW,27.06999969482422,27.190000534057617,26.610000610351562,26.84000015258789,21.151670455932617,7317300
2017-04-04,GLW,26.829999923706055,27.059999465942383,26.760000228881836,26.790000915527344,21.112274169921875,3849200
2017-04-05,GLW,27.0,27.170000076293945,26.65999984741211,26.700000762939453,21.041351318359375,5351600
2017-04-06,GLW,26.700000762939453,26.979999542236328,26.59000015258789,26.780000686645508,21.104393005371094,4406900
2017-04-07,GLW,26.719999313354492,26.940000534057617,26.690000534057617,26.809999465942383,21.128032684326172,4338800
2017-04-10,GLW,26.809999465942383,27.040000915527344,26.65999984741211,26.790000915527344,21.112274169921875,4847600
2017-04-11,GLW,26.770000457763672,26.899999618530273,26.59000015258789,26.850000381469727,21.159555435180664,4397600
2017-04-12,GLW,27.020000457763672,27.06999969482422,26.389999389648438,26.479999542236328,20.867971420288086,5306000
2017-04-13,GLW,26.450000762939453,26.65999984741211,26.31999969482422,26.31999969482422,20.74188232421875,4005100
2017-04-17,GLW,26.440000534057617,26.600000381469727,26.389999389648438,26.540000915527344,20.91525650024414,3965200
2017-04-18,GLW,26.479999542236328,27.290000915527344,26.43000030517578,26.889999389648438,21.191082000732422,12790000
2017-04-19,GLW,27.0,27.219999313354492,26.729999542236328,26.860000610351562,21.16744041442871,6028900
2017-04-20,GLW,26.969999313354492,27.219999313354492,26.899999618530273,27.110000610351562,21.364452362060547,7306200
2017-04-21,GLW,27.059999465942383,27.149999618530273,26.829999923706055,27.020000457763672,21.29352569580078,6434100
2017-04-24,GLW,27.3799991607666,27.639999389648438,27.280000686645508,27.520000457763672,21.68756103515625,9714200
2017-04-25,GLW,28.110000610351562,28.729999542236328,27.850000381469727,28.540000915527344,22.49138641357422,13817000
2017-04-26,GLW,28.6299991607666,28.6299991607666,28.200000762939453,28.389999389648438,22.373170852661133,7572800
2017-04-27,GLW,28.459999084472656,29.079999923706055,28.450000762939453,29.020000457763672,22.86965560913086,10145200
2017-04-28,GLW,28.989999771118164,29.0,28.770000457763672,28.850000381469727,22.735689163208008,7707000
2017-05-01,GLW,28.93000030517578,29.18000030517578,28.829999923706055,29.110000610351562,22.940584182739258,5814000
2017-05-02,GLW,29.1200008392334,29.15999984741211,28.889999389648438,29.020000457763672,22.86965560913086,6626400
2017-05-03,GLW,28.850000381469727,28.93000030517578,28.68000030517578,28.760000228881836,22.664762496948242,5461300
2017-05-04,GLW,28.780000686645508,28.959999084472656,28.729999542236328,28.84000015258789,22.727807998657227,3933200
2017-05-05,GLW,28.90999984741211,29.020000457763672,28.760000228881836,28.90999984741211,22.782970428466797,7926300
2017-05-08,GLW,28.959999084472656,29.25,28.860000610351562,29.1200008392334,22.948469161987305,5684100
2017-05-09,GLW,29.110000610351562,29.290000915527344,29.0,29.079999923706055,22.916940689086914,6323500
2017-05-10,GLW,29.020000457763672,29.1299991607666,28.899999618530273,29.110000610351562,22.940584182739258,3903600
2017-05-11,GLW,28.959999084472656,29.09000015258789,28.639999389648438,28.799999237060547,22.696285247802734,5360000
2017-05-12,GLW,29.219999313354492,29.25,28.829999923706055,29.059999465942383,22.901180267333984,6332700
2017-05-15,GLW,29.1299991607666,29.530000686645508,29.1200008392334,29.329999923706055,23.11395835876465,5839200
2017-05-16,GLW,29.43000030517578,29.719999313354492,29.299999237060547,29.600000381469727,23.326738357543945,9531600
2017-05-17,GLW,29.600000381469727,29.600000381469727,28.6299991607666,28.639999389648438,22.570194244384766,6318900
2017-05-18,GLW,28.59000015258789,28.93000030517578,28.329999923706055,28.770000457763672,22.67263412475586,5567600
2017-05-19,GLW,29.0,29.200000762939453,28.860000610351562,29.049999237060547,22.893299102783203,4705800
2017-05-22,GLW,29.190000534057617,29.350000381469727,29.020000457763672,29.309999465942383,23.098196029663086,4761400
2017-05-23,GLW,29.34000015258789,29.459999084472656,29.049999237060547,29.18000030517578,22.995750427246094,5759200
2017-05-24,GLW,29.309999465942383,29.350000381469727,29.049999237060547,29.170000076293945,22.98786735534668,4273600
2017-05-25,GLW,29.25,29.65999984741211,29.15999984741211,29.56999969482422,23.30309295654297,7902800
2017-05-26,GLW,29.3799991607666,29.510000228881836,29.280000686645508,29.299999237060547,23.21198272705078,3387400
2017-05-30,GLW,29.239999771118164,29.450000762939453,29.219999313354492,29.31999969482422,23.227828979492188,5911100
2017-05-31,GLW,29.34000015258789,29.450000762939453,29.059999465942383,29.100000381469727,23.05354118347168,6045500
2017-06-01,GLW,29.239999771118164,29.670000076293945,29.229999542236328,29.670000076293945,23.50510597229004,6385300
2017-06-02,GLW,29.709999084472656,29.899999618530273,29.579999923706055,29.690000534057617,23.520954132080078,5419100
2017-06-05,GLW,29.799999237060547,29.8700008392334,29.520000457763672,29.540000915527344,23.402122497558594,5262400
2017-06-06,GLW,29.420000076293945,29.760000228881836,29.389999389648438,29.56999969482422,23.42588996887207,5465800
2017-06-07,GLW,29.639999389648438,29.68000030517578,29.25,29.489999771118164,23.36251449584961,6028700
2017-06-08,GLW,29.489999771118164,29.549999237060547,29.200000762939453,29.299999237060547,23.21198272705078,8361000
2017-06-09,GLW,29.299999237060547,29.56999969482422,28.649999618530273,28.950000762939453,22.934717178344727,8758400
2017-06-12,GLW,28.920000076293945,29.079999923706055,28.3700008392334,29.059999465942383,23.0218505859375,6903800
2017-06-13,GLW,29.40999984741211,29.510000228881836,29.1299991607666,29.399999618530273,23.291208267211914,4799500
2017-06-14,GLW,29.40999984741211,29.5,29.100000381469727,29.25,23.17237663269043,4120000
2017-06-15,GLW,28.93000030517578,29.440000534057617,28.93000030517578,29.389999389648438,23.283287048339844,6634900
2017-06-16,GLW,29.420000076293945,29.489999771118164,29.049999237060547,29.40999984741211,23.29913330078125,6631900
2017-06-19,GLW,29.59000015258789,29.899999618530273,29.540000915527344,29.8799991607666,23.671476364135742,6620200
2017-06-20,GLW,29.799999237060547,29.969999313354492,29.65999984741211,29.670000076293945,23.50510597229004,3877400
2017-06-21,GLW,29.81999969482422,29.850000381469727,29.610000610351562,29.760000228881836,23.576406478881836,4996900
2017-06-22,GLW,29.760000228881836,29.799999237060547,29.559999465942383,29.709999084472656,23.53679847717285,4039700
2017-06-23,GLW,29.739999771118164,30.0,29.700000762939453,29.989999771118164,23.75861930847168,7550300
2017-06-26,GLW,29.989999771118164,30.40999984741211,29.979999542236328,30.229999542236328,23.948753356933594,5814500
2017-06-27,GLW,30.18000030517578,30.34000015258789,29.989999771118164,29.989999771118164,23.75861930847168,6225400
2017-06-28,GLW,30.270000457763672,30.600000381469727,30.030000686645508,30.5,24.16265296936035,5936900
2017-06-29,GLW,30.549999237060547,30.579999923706055,29.950000762939453,30.3700008392334,24.05966567993164,8850400
2017-06-30,GLW,30.420000076293945,30.420000076293945,29.959999084472656,30.049999237060547,23.806154251098633,8881400
2017-07-03,GLW,30.25,30.309999465942383,30.06999969482422,30.1299991607666,23.86952781677246,3348200
2017-07-05,GLW,30.25,30.6200008392334,30.110000610351562,30.489999771118164,24.154727935791016,5984100
2017-07-06,GLW,30.309999465942383,30.43000030517578,29.760000228881836,29.809999465942383,23.61602020263672,6236500
2017-07-07,GLW,29.8799991607666,30.3799991607666,29.850000381469727,30.280000686645508,23.988359451293945,4356800
2017-07-10,GLW,30.170000076293945,30.600000381469727,30.1200008392334,30.540000915527344,24.194339752197266,3462500
2017-07-11,GLW,30.559999465942383,30.68000030517578,30.239999771118164,30.329999923706055,24.02798080444336,4863500
2017-07-12,GLW,30.520000457763672,30.950000762939453,30.520000457763672,30.850000381469727,24.439926147460938,5353100
2017-07-13,GLW,30.81999969482422,30.969999313354492,30.690000534057617,30.81999969482422,24.416160583496094,4187100
2017-07-14,GLW,30.81999969482422,31.18000030517578,30.81999969482422,31.06999969482422,24.614213943481445,3921100
2017-07-17,GLW,31.190000534057617,31.420000076293945,31.1200008392334,31.31999969482422,24.812271118164062,4361600
2017-07-18,GLW,31.299999237060547,31.40999984741211,31.1299991607666,31.40999984741211,24.883567810058594,3866900
2017-07-19,GLW,31.420000076293945,31.75,31.420000076293945,31.729999542236328,25.1370792388916,5471000
2017-07-20,GLW,31.420000076293945,31.770000457763672,30.979999542236328,31.709999084472656,25.121231079101562,11737300
2017-07-21,GLW,31.65999984741211,32.060001373291016,31.6299991607666,31.850000381469727,25.232145309448242,12130200
2017-07-24,GLW,31.850000381469727,32.06999969482422,31.649999618530273,31.850000381469727,25.232145309448242,8119700
2017-07-25,GLW,31.899999618530273,32.16999816894531,31.700000762939453,32.130001068115234,25.453962326049805,9552300
2017-07-26,GLW,31.540000915527344,31.739999771118164,30.010000228881836,30.420000076293945,24.09927749633789,16073300
2017-07-27,GLW,30.420000076293945,30.56999969482422,29.170000076293945,29.489999771118164,23.36251449584961,15722400
2017-07-28,GLW,29.479999542236328,29.520000457763672,29.149999618530273,29.25,23.17237663269043,9132100
2017-07-31,GLW,29.43000030517578,29.579999923706055,29.020000457763672,29.139999389648438,23.085229873657227,9434700
2017-08-01,GLW,29.260000228881836,29.6299991607666,29.149999618530273,29.520000457763672,23.38627815246582,8018200
2017-08-02,GLW,29.670000076293945,30.1200008392334,29.549999237060547,29.770000457763672,23.584335327148438,9899800
2017-08-03,GLW,29.739999771118164,29.799999237060547,29.110000610351562,29.280000686645508,23.196142196655273,10426900
2017-08-04,GLW,29.3700008392334,29.5,29.200000762939453,29.25,23.17237663269043,4880000
2017-08-07,GLW,29.299999237060547,29.34000015258789,29.1299991607666,29.239999771118164,23.16445541381836,4967600
2017-08-08,GLW,29.15999984741211,29.6299991607666,29.1200008392334,29.299999237060547,23.21198272705078,5799700
2017-08-09,GLW,29.170000076293945,29.450000762939453,29.139999389648438,29.360000610351562,23.259525299072266,4786500
2017-08-10,GLW,29.190000534057617,29.360000610351562,28.559999465942383,28.56999969482422,22.633665084838867,6846800
2017-08-11,GLW,28.670000076293945,29.1200008392334,28.670000076293945,28.979999542236328,22.958478927612305,3743600
2017-08-14,GLW,29.299999237060547,29.510000228881836,29.219999313354492,29.40999984741211,23.29913330078125,3735100
2017-08-15,GLW,28.520000457763672,28.889999389648438,28.270000457763672,28.489999771118164,22.570287704467773,12248700
2017-08-16,GLW,28.600000381469727,28.760000228881836,28.31999969482422,28.450000762939453,22.538606643676758,7186000
2017-08-17,GLW,28.290000915527344,28.510000228881836,27.850000381469727,27.8700008392334,22.07912254333496,7107000
2017-08-18,GLW,27.81999969482422,28.139999389648438,27.709999084472656,27.8799991607666,22.087034225463867,5178000
2017-08-21,GLW,27.899999618530273,28.25,27.790000915527344,28.190000534057617,22.332626342773438,5138400
2017-08-22,GLW,28.270000457763672,28.600000381469727,28.270000457763672,28.5,22.578216552734375,5140600
2017-08-23,GLW,28.239999771118164,28.59000015258789,28.200000762939453,28.479999542236328,22.5623722076416,4000800
2017-08-24,GLW,28.530000686645508,28.649999618530273,28.43000030517578,28.559999465942383,22.625749588012695,6384500
2017-08-25,GLW,28.610000610351562,28.850000381469727,28.59000015258789,28.65999984741211,22.70496940612793,3299900
2017-08-28,GLW,28.739999771118164,28.90999984741211,28.670000076293945,28.760000228881836,22.784191131591797,4009200
2017-08-29,GLW,28.3700008392334,28.649999618530273,28.260000228881836,28.56999969482422,22.756309509277344,4724100
2017-08-30,GLW,28.549999237060547,28.700000762939453,28.420000076293945,28.639999389648438,22.812070846557617,4876700
2017-08-31,GLW,28.780000686645508,28.899999618530273,28.729999542236328,28.760000228881836,22.907649993896484,4451400
2017-09-01,GLW,28.81999969482422,29.100000381469727,28.809999465942383,28.90999984741211,23.02712631225586,6641300
2017-09-05,GLW,28.850000381469727,28.899999618530273,28.280000686645508,28.6200008392334,22.796138763427734,5801700
2017-09-06,GLW,28.719999313354492,28.809999465942383,28.549999237060547,28.579999923706055,22.764278411865234,4860200
2017-09-07,GLW,28.639999389648438,28.81999969482422,28.600000381469727,28.729999542236328,22.883756637573242,5742000
2017-09-08,GLW,28.56999969482422,28.719999313354492,28.350000381469727,28.540000915527344,22.732418060302734,4572000
2017-09-11,GLW,28.81999969482422,29.020000457763672,28.739999771118164,28.920000076293945,23.03508949279785,4120900
2017-09-12,GLW,28.969999313354492,29.18000030517578,28.959999084472656,29.149999618530273,23.21828842163086,3645200
2017-09-13,GLW,29.15999984741211,29.309999465942383,28.989999771118164,29.200000762939453,23.25811767578125,3881800
2017-09-14,GLW,29.100000381469727,29.34000015258789,29.100000381469727,29.25,23.297941207885742,3852700
2017-09-15,GLW,29.18000030517578,29.43000030517578,29.139999389648438,29.350000381469727,23.377593994140625,7749100
2017-09-18,GLW,29.459999084472656,29.690000534057617,29.40999984741211,29.540000915527344,23.5289306640625,3316900
2017-09-19,GLW,29.540000915527344,30.1200008392334,29.530000686645508,29.90999984741211,23.82363510131836,4612900
2017-09-20,GLW,29.989999771118164,30.149999618530273,29.809999465942383,30.030000686645508,23.919218063354492,4264000
2017-09-21,GLW,30.030000686645508,30.139999389648438,29.969999313354492,30.100000381469727,23.974977493286133,4503000
2017-09-22,GLW,30.040000915527344,30.25,29.90999984741211,30.049999237060547,23.935148239135742,4278900
2017-09-25,GLW,30.06999969482422,30.3700008392334,29.81999969482422,30.010000228881836,23.903287887573242,7358100
2017-09-26,GLW,30.15999984741211,30.15999984741211,29.75,29.809999465942383,23.743988037109375,5232700
2017-09-27,GLW,29.90999984741211,30.190000534057617,29.799999237060547,30.040000915527344,23.927181243896484,3584900
2017-09-28,GLW,29.969999313354492,30.049999237060547,29.799999237060547,29.950000762939453,23.855499267578125,4452200
2017-09-29,GLW,29.90999984741211,30.010000228881836,29.729999542236328,29.920000076293945,23.83160400390625,4064500
2017-10-02,GLW,29.940000534057617,30.18000030517578,29.889999389648438,30.15999984741211,24.02277374267578,4085500
2017-10-03,GLW,30.209999084472656,30.34000015258789,30.059999465942383,30.309999465942383,24.142242431640625,2915400
2017-10-04,GLW,30.270000457763672,30.530000686645508,30.229999542236328,30.469999313354492,24.269683837890625,3679000
2017-10-05,GLW,30.540000915527344,30.600000381469727,30.399999618530273,30.450000762939453,24.253751754760742,4882700
2017-10-06,GLW,30.3700008392334,30.389999389648438,30.010000228881836,30.09000015258789,23.967008590698242,4632900
2017-10-09,GLW,30.110000610351562,30.200000762939453,30.020000457763672,30.1200008392334,23.99090576171875,3133700
2017-10-10,GLW,30.110000610351562,30.139999389648438,29.649999618530273,30.030000686645508,23.919218063354492,5118600
2017-10-11,GLW,30.030000686645508,30.09000015258789,29.799999237060547,29.889999389648438,23.807708740234375,3829900
2017-10-12,GLW,29.639999389648438,30.010000228881836,29.520000457763672,29.940000534057617,23.847536087036133,6266900
2017-10-13,GLW,29.959999084472656,29.989999771118164,29.56999969482422,29.739999771118164,23.688230514526367,5989500
2017-10-16,GLW,29.8700008392334,30.06999969482422,29.790000915527344,29.889999389648438,23.807708740234375,3405300
2017-10-17,GLW,29.780000686645508,29.799999237060547,29.649999618530273,29.670000076293945,23.63247299194336,3728900
2017-10-18,GLW,29.739999771118164,29.969999313354492,29.65999984741211,29.920000076293945,23.83160400390625,4052300
2017-10-19,GLW,29.799999237060547,30.06999969482422,29.709999084472656,30.059999465942383,23.943111419677734,3484200
2017-10-20,GLW,30.170000076293945,30.3799991607666,30.0,30.059999465942383,23.943111419677734,6756600
2017-10-23,GLW,30.149999618530273,30.420000076293945,29.959999084472656,30.010000228881836,23.903287887573242,12616200
2017-10-24,GLW,30.600000381469727,32.310001373291016,30.299999237060547,31.940000534057617,25.44055938720703,24151100
2017-10-25,GLW,31.649999618530273,31.829999923706055,31.079999923706055,31.540000915527344,25.1219482421875,10872200
2017-10-26,GLW,31.540000915527344,31.940000534057617,31.530000686645508,31.700000762939453,25.2493953704834,5888900
2017-10-27,GLW,31.75,31.959999084472656,31.5,31.510000228881836,25.098054885864258,5726600
2017-10-30,GLW,31.5,31.600000381469727,31.190000534057617,31.260000228881836,24.898927688598633,4668400
2017-10-31,GLW,31.5,31.549999237060547,31.25,31.309999465942383,24.93875503540039,5235100
2017-11-01,GLW,31.549999237060547,31.75,31.3700008392334,31.6299991607666,25.19363784790039,5163000
2017-11-02,GLW,31.6299991607666,31.68000030517578,31.389999389648438,31.579999923706055,25.153812408447266,3699200
2017-11-03,GLW,31.6200008392334,31.889999389648438,31.610000610351562,31.670000076293945,25.22549819946289,3251900
2017-11-06,GLW,31.59000015258789,31.8799991607666,31.579999923706055,31.84000015258789,25.360904693603516,4119900
2017-11-07,GLW,31.809999465942383,32.25,31.780000686645508,32.25,25.687471389770508,6206900
2017-11-08,GLW,32.189998626708984,32.33000183105469,32.0,32.220001220703125,25.663578033447266,4536900
2017-11-09,GLW,32.0,32.0,31.540000915527344,31.790000915527344,25.321077346801758,5902200
2017-11-10,GLW,31.59000015258789,31.8700008392334,31.56999969482422,31.729999542236328,25.27328872680664,3346100
2017-11-13,GLW,31.59000015258789,31.770000457763672,31.549999237060547,31.65999984741211,25.2175350189209,3219000
2017-11-14,GLW,31.579999923706055,31.790000915527344,31.399999618530273,31.700000762939453,25.2493953704834,3067900
2017-11-15,GLW,31.34000015258789,31.479999542236328,31.079999923706055,31.31999969482422,25.069297790527344,3601200
2017-11-16,GLW,31.420000076293945,31.799999237060547,31.399999618530273,31.649999618530273,25.333431243896484,4753400
2017-11-17,GLW,31.540000915527344,31.799999237060547,31.489999771118164,31.6299991607666,25.317428588867188,3418600
2017-11-20,GLW,31.649999618530273,31.829999923706055,31.610000610351562,31.729999542236328,25.397472381591797,2720800
2017-11-21,GLW,31.860000610351562,31.959999084472656,31.75,31.93000030517578,25.557558059692383,5739200
2017-11-22,GLW,31.950000762939453,32.09000015258789,31.770000457763672,31.799999237060547,25.453506469726562,3092300
2017-11-24,GLW,31.93000030517578,31.969999313354492,31.670000076293945,31.850000381469727,25.4935245513916,1968900
2017-11-27,GLW,31.780000686645508,32.08000183105469,31.700000762939453,32.04999923706055,25.653606414794922,6402400
2017-11-28,GLW,32.099998474121094,32.63999938964844,32.04999923706055,32.439998626708984,25.96577262878418,6798200
2017-11-29,GLW,32.529998779296875,32.720001220703125,32.220001220703125,32.47999954223633,25.997785568237305,6212100
2017-11-30,GLW,32.58000183105469,32.779998779296875,32.36000061035156,32.38999938964844,25.925750732421875,10616700
2017-12-01,GLW,32.38999938964844,32.529998779296875,31.200000762939453,31.850000381469727,25.4935245513916,6243600
2017-12-04,GLW,32.08000183105469,32.400001525878906,32.040000915527344,32.209999084472656,25.78167152404785,6656700
2017-12-05,GLW,32.209999084472656,32.38999938964844,32.08000183105469,32.2400016784668,25.80569076538086,4383400
2017-12-06,GLW,32.13999938964844,32.25,31.639999389648438,31.670000076293945,25.349451065063477,5297600
2017-12-07,GLW,31.65999984741211,31.920000076293945,31.6200008392334,31.729999542236328,25.397472381591797,4459900
2017-12-08,GLW,31.860000610351562,32.369998931884766,31.790000915527344,32.349998474121094,25.893735885620117,4271400
2017-12-11,GLW,32.400001525878906,32.75,32.400001525878906,32.56999969482422,26.069828033447266,4752700
2017-12-12,GLW,32.47999954223633,32.81999969482422,32.36000061035156,32.63999938964844,26.1258602142334,4908400
2017-12-13,GLW,32.61000061035156,32.63999938964844,32.279998779296875,32.290000915527344,25.845714569091797,5255000
2017-12-14,GLW,32.25,32.369998931884766,31.799999237060547,31.809999465942383,25.461503982543945,6568700
2017-12-15,GLW,31.989999771118164,32.099998474121094,31.81999969482422,32.04999923706055,25.653606414794922,13376300
2017-12-18,GLW,32.27000045776367,32.45000076293945,32.20000076293945,32.31999969482422,25.86971664428711,5104400
2017-12-19,GLW,32.380001068115234,32.5,32.2400016784668,32.2599983215332,25.821693420410156,3612700
2017-12-20,GLW,32.38999938964844,32.470001220703125,32.22999954223633,32.41999816894531,25.94976234436035,2781200
2017-12-21,GLW,32.619998931884766,32.66999816894531,32.290000915527344,32.29999923706055,25.853708267211914,2921400
2017-12-22,GLW,32.36000061035156,32.459999084472656,32.290000915527344,32.380001068115234,25.917749404907227,2392700
2017-12-26,GLW,32.33000183105469,32.400001525878906,32.25,32.380001068115234,25.917749404907227,2861300
2017-12-27,GLW,32.400001525878906,32.459999084472656,32.209999084472656,32.349998474121094,25.893735885620117,1689300
2017-12-28,GLW,32.459999084472656,32.529998779296875,32.22999954223633,32.29999923706055,25.853708267211914,2683700
2017-12-29,GLW,32.349998474121094,32.38999938964844,31.979999542236328,31.989999771118164,25.605581283569336,3138100
2018-01-02,GLW,32.31999969482422,32.70000076293945,32.220001220703125,32.619998931884766,26.10984992980957,6127200
2018-01-03,GLW,32.560001373291016,33.439998626708984,32.560001373291016,33.41999816894531,26.75018882751465,5716200
2018-01-04,GLW,33.540000915527344,33.779998779296875,33.41999816894531,33.7599983215332,27.022335052490234,5908200
2018-01-05,GLW,33.810001373291016,33.88999938964844,33.5099983215332,33.63999938964844,26.926279067993164,6174600
2018-01-08,GLW,33.63999938964844,33.79999923706055,33.41999816894531,33.77000045776367,27.03034210205078,4827900
2018-01-09,GLW,33.7599983215332,33.91999816894531,33.650001525878906,33.650001525878906,26.934288024902344,5149900
2018-01-10,GLW,33.529998779296875,33.68000030517578,33.29999923706055,33.33000183105469,26.678152084350586,4216800
2018-01-11,GLW,33.439998626708984,33.77000045776367,33.439998626708984,33.7599983215332,27.022335052490234,3611500
2018-01-12,GLW,33.79999923706055,34.689998626708984,33.79999923706055,34.65999984741211,27.74271583557129,6589000
2018-01-16,GLW,34.70000076293945,34.790000915527344,34.20000076293945,34.40999984741211,27.542613983154297,9858800
2018-01-17,GLW,34.61000061035156,35.0,34.54999923706055,34.83000183105469,27.8787899017334,4195500
2018-01-18,GLW,34.77000045776367,35.06999969482422,34.709999084472656,34.849998474121094,27.894794464111328,5945300
2018-01-19,GLW,35.04999923706055,35.099998474121094,34.54999923706055,34.65999984741211,27.74271583557129,5832600
2018-01-22,GLW,34.65999984741211,34.7400016784668,34.45000076293945,34.709999084472656,27.782737731933594,5120800
2018-01-23,GLW,34.709999084472656,34.83000183105469,34.540000915527344,34.560001373291016,27.662675857543945,6272000
2018-01-24,GLW,34.66999816894531,34.779998779296875,33.93000030517578,34.119998931884766,27.31048583984375,5877500
2018-01-25,GLW,34.34000015258789,34.349998474121094,33.709999084472656,33.810001373291016,27.062355041503906,4523500
2018-01-26,GLW,33.970001220703125,34.380001068115234,33.849998474121094,34.380001068115234,27.518600463867188,6445400
2018-01-29,GLW,34.380001068115234,34.59000015258789,34.130001068115234,34.25,27.414546966552734,6526900
2018-01-30,GLW,32.310001373291016,32.93000030517578,31.190000534057617,32.33000183105469,25.877729415893555,16979200
2018-01-31,GLW,32.4900016784668,32.529998779296875,31.079999923706055,31.219999313354492,24.9892578125,15339200
2018-02-01,GLW,31.040000915527344,31.950000762939453,30.760000228881836,31.690000534057617,25.365449905395508,8963100
2018-02-02,GLW,31.399999618530273,31.6200008392334,31.239999771118164,31.280000686645508,25.037275314331055,6868000
2018-02-05,GLW,30.979999542236328,31.389999389648438,29.760000228881836,29.780000686645508,23.83664321899414,11270300
2018-02-06,GLW,29.1200008392334,30.110000610351562,28.950000762939453,29.799999237060547,23.85264778137207,17326800
2018-02-07,GLW,29.65999984741211,30.399999618530273,29.600000381469727,29.81999969482422,23.868663787841797,11510800
2018-02-08,GLW,29.81999969482422,29.8700008392334,28.450000762939453,28.450000762939453,22.772083282470703,9669300
2018-02-09,GLW,28.75,29.049999237060547,27.81999969482422,28.770000457763672,23.028213500976562,12064200
2018-02-12,GLW,29.1200008392334,29.6299991607666,29.010000228881836,29.450000762939453,23.57250213623047,9879500
2018-02-13,GLW,29.350000381469727,29.459999084472656,29.1200008392334,29.239999771118164,23.40441131591797,5822400
2018-02-14,GLW,29.0,29.649999618530273,29.0,29.520000457763672,23.6285343170166,7435700
2018-02-15,GLW,29.84000015258789,29.8700008392334,29.3700008392334,29.540000915527344,23.644542694091797,7264500
2018-02-16,GLW,29.450000762939453,29.770000457763672,29.389999389648438,29.469999313354492,23.58850860595703,9889900
2018-02-20,GLW,29.43000030517578,29.850000381469727,29.420000076293945,29.649999618530273,23.732587814331055,8015000
2018-02-21,GLW,29.649999618530273,29.799999237060547,29.260000228881836,29.260000228881836,23.420425415039062,10319300
2018-02-22,GLW,29.329999923706055,29.540000915527344,29.06999969482422,29.209999084472656,23.380399703979492,7124300
2018-02-23,GLW,29.43000030517578,29.459999084472656,29.15999984741211,29.299999237060547,23.452438354492188,9050100
2018-02-26,GLW,29.450000762939453,29.940000534057617,29.40999984741211,29.829999923706055,23.876663208007812,10015400
2018-02-27,GLW,29.68000030517578,30.010000228881836,29.329999923706055,29.329999923706055,23.61897850036621,7724100
2018-02-28,GLW,29.43000030517578,29.600000381469727,29.06999969482422,29.079999923706055,23.417652130126953,6962200
2018-03-01,GLW,29.200000762939453,29.329999923706055,28.329999923706055,28.399999618530273,22.870059967041016,9279600
2018-03-02,GLW,28.219999313354492,28.8799991607666,28.100000381469727,28.799999237060547,23.19217300415039,6479400
2018-03-05,GLW,28.579999923706055,29.219999313354492,28.549999237060547,28.8799991607666,23.2565975189209,7102000
2018-03-06,GLW,29.079999923706055,29.309999465942383,29.0,29.200000762939453,23.51428985595703,5147400
2018-03-07,GLW,28.889999389648438,29.420000076293945,28.850000381469727,29.34000015258789,23.627033233642578,5193200
2018-03-08,GLW,29.450000762939453,29.540000915527344,29.139999389648438,29.329999923706055,23.61897850036621,5572600
2018-03-09,GLW,29.5,29.979999542236328,29.399999618530273,29.93000030517578,24.10214614868164,5930800
2018-03-12,GLW,29.950000762939453,30.100000381469727,29.829999923706055,29.84000015258789,24.029672622680664,4646100
2018-03-13,GLW,29.969999313354492,30.149999618530273,29.739999771118164,29.84000015258789,24.029672622680664,5989900
2018-03-14,GLW,29.950000762939453,30.0,29.40999984741211,29.540000915527344,23.788082122802734,5325600
2018-03-15,GLW,29.600000381469727,29.729999542236328,29.420000076293945,29.530000686645508,23.780029296875,6224300
2018-03-16,GLW,29.610000610351562,29.850000381469727,29.5,29.5,23.75587272644043,10013400
2018-03-19,GLW,29.309999465942383,29.3799991607666,28.639999389648438,28.889999389648438,23.2646484375,7057500
2018-03-20,GLW,28.979999542236328,29.399999618530273,28.950000762939453,29.260000228881836,23.562606811523438,7784300
2018-03-21,GLW,29.25,29.6200008392334,29.1299991607666,29.3700008392334,23.65118408203125,7054100
2018-03-22,GLW,28.950000762939453,29.190000534057617,28.559999465942383,28.559999465942383,22.998903274536133,7008500
2018-03-23,GLW,28.549999237060547,28.639999389648438,27.739999771118164,27.780000686645508,22.370784759521484,5836800
2018-03-26,GLW,28.280000686645508,28.350000381469727,27.809999465942383,28.309999465942383,22.797582626342773,4902100
2018-03-27,GLW,28.34000015258789,28.420000076293945,27.6299991607666,27.739999771118164,22.338571548461914,6390900
2018-03-28,GLW,27.790000915527344,27.84000015258789,27.190000534057617,27.350000381469727,22.024513244628906,7078800
2018-03-29,GLW,27.559999465942383,28.170000076293945,27.510000228881836,27.8799991607666,22.451311111450195,5922300
2018-04-02,GLW,27.780000686645508,27.899999618530273,26.700000762939453,27.030000686645508,21.766828536987305,5985500
2018-04-03,GLW,27.1299991607666,27.399999618530273,26.920000076293945,27.360000610351562,22.03256607055664,5455700
2018-04-04,GLW,26.780000686645508,27.479999542236328,26.709999084472656,27.389999389648438,22.056724548339844,9690600
2018-04-05,GLW,27.639999389648438,27.739999771118164,27.389999389648438,27.459999084472656,22.11309051513672,5894900
2018-04-06,GLW,27.200000762939453,27.3700008392334,26.309999465942383,26.549999237060547,21.380285263061523,10279300
2018-04-09,GLW,26.780000686645508,27.219999313354492,26.670000076293945,26.709999084472656,21.509126663208008,7614700
2018-04-10,GLW,27.18000030517578,27.5,27.09000015258789,27.34000015258789,22.01646614074707,6108900
2018-04-11,GLW,27.1200008392334,27.6299991607666,27.09000015258789,27.40999984741211,22.072830200195312,5167900
2018-04-12,GLW,27.559999465942383,27.709999084472656,27.459999084472656,27.56999969482422,22.201671600341797,4381400
2018-04-13,GLW,27.709999084472656,27.770000457763672,27.31999969482422,27.420000076293945,22.080881118774414,5752600
2018-04-16,GLW,27.549999237060547,27.65999984741211,27.139999389648438,27.489999771118164,22.137250900268555,6121300
2018-04-17,GLW,27.65999984741211,27.8700008392334,27.559999465942383,27.75,22.34662628173828,5325400
2018-04-18,GLW,27.739999771118164,28.0,27.690000534057617,27.8700008392334,22.44326400756836,4496300
2018-04-19,GLW,27.709999084472656,27.770000457763672,27.510000228881836,27.6200008392334,22.2419376373291,5615100
2018-04-20,GLW,27.520000457763672,27.729999542236328,27.399999618530273,27.549999237060547,22.185565948486328,7209800
2018-04-23,GLW,27.56999969482422,27.93000030517578,27.329999923706055,27.5,22.14530372619629,7643500
2018-04-24,GLW,27.170000076293945,27.5,26.450000762939453,26.729999542236328,21.525238037109375,10746300
2018-04-25,GLW,26.729999542236328,27.1200008392334,26.350000381469727,27.059999465942383,21.790979385375977,7388200
2018-04-26,GLW,27.040000915527344,27.1200008392334,26.829999923706055,26.899999618530273,21.662134170532227,6022800
2018-04-27,GLW,27.030000686645508,27.329999923706055,26.8799991607666,27.229999542236328,21.927875518798828,5325000
2018-04-30,GLW,27.270000457763672,27.459999084472656,27.020000457763672,27.020000457763672,21.758771896362305,4730000
2018-05-01,GLW,26.889999389648438,26.93000030517578,26.600000381469727,26.81999969482422,21.59771156311035,5810500
2018-05-02,GLW,26.889999389648438,27.06999969482422,26.639999389648438,26.700000762939453,21.501081466674805,4644700
2018-05-03,GLW,26.610000610351562,26.65999984741211,26.110000610351562,26.56999969482422,21.396394729614258,6051900
2018-05-04,GLW,26.5,27.200000762939453,26.489999771118164,27.079999923706055,21.807086944580078,3495300
2018-05-07,GLW,27.1299991607666,27.15999984741211,26.940000534057617,26.959999084472656,21.710451126098633,3474900
2018-05-08,GLW,26.93000030517578,26.989999771118164,26.729999542236328,26.799999237060547,21.581605911254883,6888800
2018-05-09,GLW,26.950000762939453,27.190000534057617,26.84000015258789,27.079999923706055,21.807086944580078,3726100
2018-05-10,GLW,27.18000030517578,27.40999984741211,27.139999389648438,27.360000610351562,22.03256607055664,5231500
2018-05-11,GLW,27.399999618530273,28.040000915527344,27.3700008392334,28.0,22.54794692993164,10460400
2018-05-14,GLW,28.170000076293945,28.280000686645508,27.979999542236328,28.06999969482422,22.604310989379883,6977500
2018-05-15,GLW,27.950000762939453,28.040000915527344,27.549999237060547,27.719999313354492,22.322463989257812,5464000
2018-05-16,GLW,27.709999084472656,28.149999618530273,27.700000762939453,28.1200008392334,22.644582748413086,5606800
2018-05-17,GLW,27.979999542236328,28.100000381469727,27.729999542236328,27.829999923706055,22.41104507446289,6077100
2018-05-18,GLW,27.75,27.850000381469727,27.670000076293945,27.690000534057617,22.298311233520508,4398200
2018-05-21,GLW,27.920000076293945,28.040000915527344,27.649999618530273,27.760000228881836,22.35468101501465,3935700
2018-05-22,GLW,27.829999923706055,27.889999389648438,27.559999465942383,27.639999389648438,22.258052825927734,5792100
2018-05-23,GLW,27.43000030517578,27.770000457763672,27.399999618530273,27.770000457763672,22.362730026245117,5142200
2018-05-24,GLW,27.65999984741211,27.75,27.299999237060547,27.329999923706055,22.008405685424805,4583800
2018-05-25,GLW,27.25,27.360000610351562,26.93000030517578,27.059999465942383,21.790979385375977,4457500
2018-05-29,GLW,26.860000610351562,26.989999771118164,26.520000457763672,26.739999771118164,21.533292770385742,4769700
2018-05-30,GLW,26.780000686645508,26.780000686645508,26.229999542236328,26.350000381469727,21.363035202026367,5977600
2018-05-31,GLW,27.190000534057617,27.3700008392334,26.940000534057617,27.170000076293945,22.027843475341797,12693100
2018-06-01,GLW,27.280000686645508,28.0,27.229999542236328,27.950000762939453,22.660221099853516,7874500
2018-06-04,GLW,28.0,28.190000534057617,27.93000030517578,28.1200008392334,22.798044204711914,5417800
2018-06-05,GLW,28.280000686645508,28.610000610351562,28.25,28.56999969482422,23.162883758544922,7219200
2018-06-06,GLW,28.709999084472656,28.90999984741211,28.469999313354492,28.90999984741211,23.43852996826172,5648200
2018-06-07,GLW,28.8799991607666,29.0,28.6200008392334,28.809999465942383,23.357460021972656,4973700
2018-06-08,GLW,28.719999313354492,28.809999465942383,28.6299991607666,28.75,23.308813095092773,4040100
2018-06-11,GLW,28.719999313354492,28.90999984741211,28.68000030517578,28.84000015258789,23.381776809692383,3169600
2018-06-12,GLW,28.8700008392334,28.8700008392334,28.440000534057617,28.600000381469727,23.18720245361328,3158200
2018-06-13,GLW,28.6299991607666,28.68000030517578,28.459999084472656,28.600000381469727,23.18720245361328,3655800
2018-06-14,GLW,28.700000762939453,28.950000762939453,28.59000015258789,28.889999389648438,23.422311782836914,3686700
2018-06-15,GLW,28.770000457763672,29.100000381469727,28.389999389648438,29.09000015258789,23.584470748901367,15144500
2018-06-18,GLW,28.719999313354492,28.90999984741211,28.440000534057617,28.8700008392334,23.40610122680664,5320000
2018-06-19,GLW,28.3799991607666,28.5,28.059999465942383,28.3799991607666,23.008832931518555,5830200
2018-06-20,GLW,28.549999237060547,28.56999969482422,28.309999465942383,28.389999389648438,23.016950607299805,3618200
2018-06-21,GLW,28.700000762939453,28.75,28.239999771118164,28.290000915527344,22.935867309570312,3925700
2018-06-22,GLW,28.670000076293945,28.670000076293945,28.299999237060547,28.489999771118164,23.098018646240234,11582600
2018-06-25,GLW,28.299999237060547,28.360000610351562,27.5,27.729999542236328,22.481857299804688,6465800
2018-06-26,GLW,27.729999542236328,27.84000015258789,27.610000610351562,27.700000762939453,22.45753288269043,3567500
2018-06-27,GLW,27.75,27.969999313354492,27.5,27.5,22.295387268066406,3792200
2018-06-28,GLW,27.3700008392334,27.440000534057617,26.8700008392334,26.989999771118164,21.881914138793945,8921900
2018-06-29,GLW,27.079999923706055,27.770000457763672,27.06999969482422,27.510000228881836,22.30349349975586,6459400
2018-07-02,GLW,27.25,27.719999313354492,27.219999313354492,27.709999084472656,22.465641021728516,6910000
2018-07-03,GLW,27.850000381469727,27.8799991607666,27.31999969482422,27.350000381469727,22.17377471923828,2625900
2018-07-05,GLW,27.469999313354492,27.959999084472656,27.459999084472656,27.959999084472656,22.668325424194336,4493300
2018-07-06,GLW,27.899999618530273,28.299999237060547,27.84000015258789,28.1299991607666,22.8061466217041,3937500
2018-07-09,GLW,28.43000030517578,29.030000686645508,28.350000381469727,29.0,23.511499404907227,5496600
2018-07-10,GLW,28.5,28.989999771118164,28.139999389648438,28.950000762939453,23.470964431762695,5116700
2018-07-11,GLW,28.540000915527344,28.670000076293945,28.219999313354492,28.260000228881836,22.911550521850586,4300600
2018-07-12,GLW,28.5,28.75,28.479999542236328,28.670000076293945,23.24395751953125,3622400
2018-07-13,GLW,28.65999984741211,28.940000534057617,28.6200008392334,28.799999237060547,23.349342346191406,2668900
2018-07-16,GLW,28.829999923706055,28.8700008392334,28.559999465942383,28.600000381469727,23.18720245361328,3657700
2018-07-17,GLW,28.549999237060547,29.309999465942383,28.479999542236328,29.190000534057617,23.66553497314453,4893400
2018-07-18,GLW,29.149999618530273,29.520000457763672,29.06999969482422,29.450000762939453,23.876327514648438,5626100
2018-07-19,GLW,29.360000610351562,29.479999542236328,29.239999771118164,29.34000015258789,23.78714942932129,3998500
2018-07-20,GLW,29.200000762939453,29.309999465942383,29.100000381469727,29.1200008392334,23.608787536621094,3263000
2018-07-23,GLW,29.100000381469727,29.40999984741211,28.979999542236328,29.360000610351562,23.803367614746094,4289200
2018-07-24,GLW,29.540000915527344,30.270000457763672,29.479999542236328,29.829999923706055,24.184415817260742,10904000
2018-07-25,GLW,30.93000030517578,33.310001373291016,30.899999618530273,33.209999084472656,26.924713134765625,20616900
2018-07-26,GLW,32.84000015258789,33.77000045776367,32.75,33.630001068115234,27.265235900878906,9467700
2018-07-27,GLW,33.650001525878906,33.81999969482422,33.279998779296875,33.540000915527344,27.192264556884766,7449100
2018-07-30,GLW,33.70000076293945,34.150001525878906,32.88999938964844,32.939998626708984,26.705812454223633,8527800
2018-07-31,GLW,32.90999984741211,33.349998474121094,32.880001068115234,33.18000030517578,26.90039825439453,4571700
2018-08-01,GLW,33.040000915527344,33.33000183105469,32.56999969482422,32.900001525878906,26.673391342163086,4928000
2018-08-02,GLW,32.72999954223633,33.040000915527344,32.560001373291016,32.790000915527344,26.584209442138672,4671700
2018-08-03,GLW,32.959999084472656,33.04999923706055,32.63999938964844,32.84000015258789,26.6247501373291,6315100
2018-08-06,GLW,32.68000030517578,33.06999969482422,32.630001068115234,32.939998626708984,26.705812454223633,4047100
2018-08-07,GLW,33.099998474121094,33.18000030517578,32.970001220703125,33.060001373291016,26.8031063079834,6267600
2018-08-08,GLW,33.09000015258789,33.4900016784668,32.939998626708984,33.290000915527344,26.989582061767578,5898400
2018-08-09,GLW,33.220001220703125,33.52000045776367,33.02000045776367,33.09000015258789,26.82743263244629,3304100
2018-08-10,GLW,32.88999938964844,33.0099983215332,32.689998626708984,32.7400016784668,26.543672561645508,3838700
2018-08-13,GLW,32.86000061035156,33.0099983215332,32.5,32.5099983215332,26.357194900512695,3927600
2018-08-14,GLW,32.540000915527344,32.79999923706055,32.529998779296875,32.709999084472656,26.519350051879883,3607900
2018-08-15,GLW,32.470001220703125,32.54999923706055,32.06999969482422,32.369998931884766,26.243694305419922,4836300
2018-08-16,GLW,32.400001525878906,32.939998626708984,32.349998474121094,32.720001220703125,26.52745819091797,3833400
2018-08-17,GLW,32.869998931884766,33.08000183105469,32.72999954223633,33.02000045776367,26.770679473876953,3127200
2018-08-20,GLW,33.099998474121094,33.209999084472656,32.849998474121094,32.9900016784668,26.746355056762695,3060200
2018-08-21,GLW,33.0099983215332,33.060001373291016,32.849998474121094,32.880001068115234,26.657175064086914,3156400
2018-08-22,GLW,32.91999816894531,33.029998779296875,32.79999923706055,32.88999938964844,26.6652774810791,3867700
2018-08-23,GLW,32.88999938964844,33.04999923706055,32.7400016784668,32.81999969482422,26.608522415161133,2971300
2018-08-24,GLW,32.869998931884766,33.11000061035156,32.650001525878906,33.0,26.75446319580078,3210800
2018-08-27,GLW,33.13999938964844,33.900001525878906,33.09000015258789,33.619998931884766,27.257123947143555,4790500
2018-08-28,GLW,33.709999084472656,33.84000015258789,33.470001220703125,33.66999816894531,27.297657012939453,3821900
2018-08-29,GLW,33.66999816894531,34.0,33.56999969482422,33.810001373291016,27.411169052124023,3880000
2018-08-30,GLW,33.540000915527344,33.86000061035156,33.38999938964844,33.470001220703125,27.2807559967041,3221700
2018-08-31,GLW,33.369998931884766,33.540000915527344,33.310001373291016,33.5099983215332,27.313356399536133,3963400
2018-09-04,GLW,33.43000030517578,33.47999954223633,33.119998931884766,33.41999816894531,27.23999786376953,3894200
2018-09-05,GLW,33.29999923706055,33.439998626708984,33.060001373291016,33.31999969482422,27.158485412597656,3841000
2018-09-06,GLW,33.400001525878906,33.58000183105469,33.16999816894531,33.529998779296875,27.32965850830078,4904300
2018-09-07,GLW,33.2599983215332,33.72999954223633,33.2599983215332,33.58000183105469,27.370410919189453,3396100
2018-09-10,GLW,33.75,34.06999969482422,33.68000030517578,33.970001220703125,27.688297271728516,4449300
2018-09-11,GLW,33.68000030517578,33.849998474121094,33.4900016784668,33.54999923706055,27.345958709716797,3923500
2018-09-12,GLW,33.470001220703125,34.150001525878906,33.400001525878906,34.0099983215332,27.720897674560547,3945400
2018-09-13,GLW,34.0099983215332,35.099998474121094,34.0099983215332,35.060001373291016,28.57672691345215,10260400
2018-09-14,GLW,35.599998474121094,36.0,35.20000076293945,35.27000045776367,28.747901916503906,6829200
2018-09-17,GLW,35.27000045776367,35.540000915527344,35.130001068115234,35.18000030517578,28.67454719543457,3640600
2018-09-18,GLW,35.33000183105469,35.470001220703125,35.06999969482422,35.27000045776367,28.747901916503906,5178600
2018-09-19,GLW,35.29999923706055,35.40999984741211,35.0,35.25,28.731597900390625,3072700
2018-09-20,GLW,35.439998626708984,36.36000061035156,35.349998474121094,36.130001068115234,29.44887351989746,7402900
2018-09-21,GLW,36.29999923706055,36.560001373291016,35.81999969482422,35.91999816894531,29.27770233154297,11099700
2018-09-24,GLW,35.869998931884766,35.939998626708984,35.5,35.689998626708984,29.090225219726562,3204100
2018-09-25,GLW,35.70000076293945,35.869998931884766,35.43000030517578,35.5099983215332,28.94352149963379,3852700
2018-09-26,GLW,35.52000045776367,35.83000183105469,35.369998931884766,35.400001525878906,28.853862762451172,5008300
2018-09-27,GLW,35.45000076293945,35.650001525878906,35.36000061035156,35.38999938964844,28.845703125,3149400
2018-09-28,GLW,35.2400016784668,35.400001525878906,35.16999816894531,35.29999923706055,28.772348403930664,3564500
2018-10-01,GLW,35.45000076293945,35.66999816894531,35.20000076293945,35.279998779296875,28.756044387817383,3641200
2018-10-02,GLW,35.27000045776367,35.63999938964844,35.189998626708984,35.470001220703125,28.91090965270996,2631400
2018-10-03,GLW,35.650001525878906,35.91999816894531,35.560001373291016,35.7400016784668,29.130990982055664,2974400
2018-10-04,GLW,35.13999938964844,35.7599983215332,34.959999084472656,35.70000076293945,29.098390579223633,5881200
2018-10-05,GLW,35.779998779296875,35.88999938964844,34.61000061035156,34.72999954223633,28.307756423950195,5010300
2018-10-08,GLW,34.599998474121094,34.77000045776367,34.25,34.470001220703125,28.095834732055664,5342600
2018-10-09,GLW,34.470001220703125,34.58000183105469,34.2400016784668,34.25,27.916522979736328,3916700
2018-10-10,GLW,33.91999816894531,33.97999954223633,32.220001220703125,32.31999969482422,26.343408584594727,12319400
2018-10-11,GLW,32.08000183105469,32.65999984741211,31.260000228881836,31.34000015258789,25.54463005065918,10362100
2018-10-12,GLW,32.02000045776367,32.25,31.530000686645508,32.130001068115234,26.18854331970215,8184100
2018-10-15,GLW,32.06999969482422,32.150001525878906,31.780000686645508,31.790000915527344,25.911413192749023,6027200
2018-10-16,GLW,32.18000030517578,33.369998931884766,32.029998779296875,32.63999938964844,26.60423469543457,5988400
2018-10-17,GLW,32.630001068115234,32.83000183105469,32.02000045776367,32.38999938964844,26.40045928955078,5114800
2018-10-18,GLW,32.09000015258789,32.25,31.020000457763672,31.170000076293945,25.406064987182617,7156300
2018-10-19,GLW,31.260000228881836,31.530000686645508,30.68000030517578,30.780000686645508,25.088186264038086,7246600
2018-10-22,GLW,30.899999618530273,31.110000610351562,30.610000610351562,30.829999923706055,25.128942489624023,7911700
2018-10-23,GLW,29.239999771118164,31.799999237060547,28.170000076293945,31.40999984741211,25.60169219970703,18049000
2018-10-24,GLW,31.3799991607666,31.899999618530273,30.260000228881836,30.299999237060547,24.696945190429688,12767200
2018-10-25,GLW,31.0,31.540000915527344,30.639999389648438,31.450000762939453,25.63429069519043,7932300
2018-10-26,GLW,30.709999084472656,31.270000457763672,30.200000762939453,30.690000534057617,25.01483154296875,7561000
2018-10-29,GLW,31.290000915527344,31.489999771118164,30.139999389648438,30.59000015258789,24.933319091796875,6147700
2018-10-30,GLW,30.6200008392334,31.309999465942383,30.420000076293945,31.229999542236328,25.454967498779297,6705600
2018-10-31,GLW,31.75,32.47999954223633,31.6299991607666,31.950000762939453,26.041833877563477,6895500
2018-11-01,GLW,32.220001220703125,33.20000076293945,32.150001525878906,33.099998474121094,26.979171752929688,5978300
2018-11-02,GLW,33.2599983215332,33.36000061035156,32.689998626708984,32.90999984741211,26.824308395385742,5215500
2018-11-05,GLW,32.9900016784668,33.209999084472656,32.63999938964844,33.060001373291016,26.946569442749023,3557900
2018-11-06,GLW,33.08000183105469,33.61000061035156,33.04999923706055,33.380001068115234,27.207393646240234,3127600
2018-11-07,GLW,33.65999984741211,34.02000045776367,33.47999954223633,34.0099983215332,27.720897674560547,3363500
2018-11-08,GLW,33.72999954223633,34.11000061035156,33.61000061035156,34.099998474121094,27.79425048828125,3961500
2018-11-09,GLW,33.79999923706055,33.91999816894531,33.310001373291016,33.560001373291016,27.35410499572754,4629100
2018-11-12,GLW,33.150001525878906,33.20000076293945,31.670000076293945,31.709999084472656,25.846206665039062,8464900
2018-11-13,GLW,32.02000045776367,32.7400016784668,31.8799991607666,32.029998779296875,26.107032775878906,7181700
2018-11-14,GLW,32.27000045776367,32.720001220703125,31.520000457763672,31.59000015258789,25.748401641845703,6916600
2018-11-15,GLW,31.190000534057617,32.29999923706055,31.170000076293945,32.04999923706055,26.273040771484375,6257000
2018-11-16,GLW,31.75,32.369998931884766,31.670000076293945,32.029998779296875,26.25664520263672,6212600
2018-11-19,GLW,31.899999618530273,31.969999313354492,31.049999237060547,31.15999984741211,25.5434627532959,5683000
2018-11-20,GLW,30.34000015258789,31.170000076293945,30.270000457763672,30.850000381469727,25.289339065551758,4983300
2018-11-21,GLW,31.299999237060547,31.350000381469727,30.700000762939453,30.709999084472656,25.17457389831543,5536500
2018-11-23,GLW,30.31999969482422,31.479999542236328,30.270000457763672,31.170000076293945,25.55166244506836,2617700
2018-11-26,GLW,31.600000381469727,31.65999984741211,31.329999923706055,31.540000915527344,25.85496711730957,3261400
2018-11-27,GLW,31.139999389648438,31.670000076293945,30.93000030517578,31.579999923706055,25.887758255004883,3941000
2018-11-28,GLW,31.959999084472656,32.2599983215332,31.450000762939453,32.25,26.436992645263672,4213900
2018-11-29,GLW,32.189998626708984,32.25,31.850000381469727,31.860000610351562,26.11728858947754,3334200
2018-11-30,GLW,31.81999969482422,32.34000015258789,31.799999237060547,32.220001220703125,26.412399291992188,6807900
2018-12-03,GLW,32.810001373291016,33.4900016784668,32.810001373291016,33.38999938964844,27.371505737304688,5621900
2018-12-04,GLW,33.029998779296875,33.22999954223633,32.040000915527344,32.150001525878906,26.355022430419922,6330600
2018-12-06,GLW,31.489999771118164,32.279998779296875,30.65999984741211,32.27000045776367,26.453386306762695,9312400
2018-12-07,GLW,32.25,32.779998779296875,31.270000457763672,31.43000030517578,25.764799118041992,6531400
2018-12-10,GLW,31.31999969482422,31.860000610351562,30.8700008392334,31.760000228881836,26.03531265258789,5506900
2018-12-11,GLW,32.29999923706055,32.459999084472656,31.559999465942383,31.59000015258789,25.89595603942871,5185900
2018-12-12,GLW,32.220001220703125,32.58000183105469,31.969999313354492,31.979999542236328,26.215660095214844,4992300
2018-12-13,GLW,32.16999816894531,32.349998474121094,31.670000076293945,31.969999313354492,26.207460403442383,4527500
2018-12-14,GLW,31.549999237060547,32.02000045776367,31.34000015258789,31.43000030517578,25.764799118041992,3204100
2018-12-17,GLW,31.389999389648438,31.799999237060547,30.6200008392334,30.899999618530273,25.330324172973633,5770100
2018-12-18,GLW,31.1299991607666,31.399999618530273,30.440000534057617,30.649999618530273,25.125391006469727,4843100
2018-12-19,GLW,30.68000030517578,31.459999084472656,29.860000610351562,30.059999465942383,24.641738891601562,6464500
2018-12-20,GLW,29.889999389648438,30.290000915527344,29.100000381469727,29.549999237060547,24.223661422729492,7630400
2018-12-21,GLW,29.34000015258789,29.729999542236328,28.639999389648438,28.780000686645508,23.592456817626953,13364400
2018-12-24,GLW,28.3799991607666,28.709999084472656,27.959999084472656,27.969999313354492,22.928457260131836,4233800
2018-12-26,GLW,28.15999984741211,29.190000534057617,27.670000076293945,29.18000030517578,23.92035484313965,7995600
2018-12-27,GLW,28.799999237060547,29.700000762939453,28.489999771118164,29.700000762939453,24.346622467041016,7451100
2018-12-28,GLW,29.829999923706055,30.239999771118164,29.489999771118164,29.75,24.387617111206055,4638000
2018-12-31,GLW,29.950000762939453,30.229999542236328,29.8700008392334,30.209999084472656,24.764690399169922,3783800
2019-01-02,GLW,29.59000015258789,30.149999618530273,29.40999984741211,29.8799991607666,24.494184494018555,5088900
2019-01-03,GLW,29.209999084472656,29.360000610351562,28.0,28.030000686645508,22.977638244628906,9172200
2019-01-04,GLW,28.59000015258789,29.479999542236328,28.399999618530273,29.209999084472656,23.9449462890625,6735400
2019-01-07,GLW,29.06999969482422,29.450000762939453,28.969999313354492,29.200000762939453,23.936750411987305,5253200
2019-01-08,GLW,29.610000610351562,29.639999389648438,29.1200008392334,29.479999542236328,24.166276931762695,4647900
2019-01-09,GLW,29.65999984741211,29.940000534057617,29.489999771118164,29.68000030517578,24.330232620239258,4395900
2019-01-10,GLW,29.5,30.389999389648438,29.479999542236328,30.350000381469727,24.879459381103516,3503800
2019-01-11,GLW,30.049999237060547,30.170000076293945,29.81999969482422,30.049999237060547,24.633543014526367,4058900
2019-01-14,GLW,29.760000228881836,29.950000762939453,29.65999984741211,29.850000381469727,24.46958351135254,4001300
2019-01-15,GLW,29.84000015258789,30.25,29.829999923706055,30.100000381469727,24.67452621459961,3177000
2019-01-16,GLW,30.100000381469727,30.3700008392334,30.049999237060547,30.06999969482422,24.649930953979492,3014000
2019-01-17,GLW,29.90999984741211,30.440000534057617,29.809999465942383,30.270000457763672,24.813884735107422,3713800
2019-01-18,GLW,30.329999923706055,30.770000457763672,30.270000457763672,30.6299991607666,25.108993530273438,4603100
2019-01-22,GLW,30.350000381469727,30.459999084472656,29.360000610351562,29.420000076293945,24.117097854614258,8053500
2019-01-23,GLW,29.459999084472656,29.709999084472656,28.93000030517578,29.309999465942383,24.026920318603516,9897700
2019-01-24,GLW,29.459999084472656,30.059999465942383,29.420000076293945,29.860000610351562,24.477781295776367,7361100
2019-01-25,GLW,30.309999465942383,30.790000915527344,30.139999389648438,30.360000610351562,24.887659072875977,8560100
2019-01-28,GLW,29.950000762939453,30.520000457763672,29.809999465942383,30.360000610351562,24.887659072875977,8101400
2019-01-29,GLW,32.099998474121094,33.970001220703125,32.0,33.720001220703125,27.64202308654785,16592300
2019-01-30,GLW,33.83000183105469,33.869998931884766,33.15999984741211,33.52000045776367,27.47808074951172,8808000
2019-01-31,GLW,33.439998626708984,33.470001220703125,32.91999816894531,33.2599983215332,27.26493263244629,11838200
2019-02-01,GLW,33.400001525878906,33.47999954223633,32.869998931884766,33.09000015258789,27.125581741333008,5166700
2019-02-04,GLW,33.06999969482422,33.689998626708984,33.0099983215332,33.54999923706055,27.502668380737305,5859400
2019-02-05,GLW,33.54999923706055,33.709999084472656,33.349998474121094,33.54999923706055,27.502668380737305,4218200
2019-02-06,GLW,33.459999084472656,33.970001220703125,33.439998626708984,33.77000045776367,27.683019638061523,4369300
2019-02-07,GLW,33.47999954223633,33.88999938964844,33.04999923706055,33.209999084472656,27.223947525024414,4403600
2019-02-08,GLW,32.959999084472656,33.38999938964844,32.86000061035156,33.38999938964844,27.371505737304688,4517000
2019-02-11,GLW,33.459999084472656,33.619998931884766,33.22999954223633,33.36000061035156,27.346920013427734,2536100
2019-02-12,GLW,33.58000183105469,34.209999084472656,33.52000045776367,34.02000045776367,27.88795280456543,4938300
2019-02-13,GLW,34.20000076293945,34.20000076293945,33.77000045776367,34.040000915527344,27.904346466064453,3878100
2019-02-14,GLW,33.849998474121094,33.93000030517578,33.63999938964844,33.72999954223633,27.650222778320312,2951500
2019-02-15,GLW,34.029998779296875,34.540000915527344,33.9900016784668,34.5099983215332,28.289623260498047,4470600
2019-02-19,GLW,34.34000015258789,34.459999084472656,34.13999938964844,34.20000076293945,28.035507202148438,3378300
2019-02-20,GLW,34.2599983215332,34.79999923706055,34.09000015258789,34.65999984741211,28.412599563598633,4175800
2019-02-21,GLW,34.540000915527344,34.65999984741211,34.36000061035156,34.5,28.281435012817383,2762000
2019-02-22,GLW,34.66999816894531,34.93000030517578,34.59000015258789,34.849998474121094,28.56834602355957,2528300
2019-02-25,GLW,35.0,35.31999969482422,34.900001525878906,35.08000183105469,28.756893157958984,5160700
2019-02-26,GLW,35.040000915527344,35.220001220703125,34.900001525878906,34.90999984741211,28.617530822753906,3656100
2019-02-27,GLW,34.59000015258789,34.709999084472656,34.25,34.689998626708984,28.601041793823242,2607600
2019-02-28,GLW,34.54999923706055,34.91999816894531,34.5099983215332,34.810001373291016,28.699983596801758,4663900
2019-03-01,GLW,35.040000915527344,35.2400016784668,34.83000183105469,34.93000030517578,28.79892349243164,3692400
2019-03-04,GLW,35.040000915527344,35.25,34.439998626708984,34.880001068115234,28.75768280029297,3195100
2019-03-05,GLW,34.900001525878906,34.959999084472656,34.689998626708984,34.689998626708984,28.601041793823242,3155100
2019-03-06,GLW,34.689998626708984,34.75,34.5,34.5099983215332,28.4526309967041,2588700
2019-03-07,GLW,34.52000045776367,34.52000045776367,33.810001373291016,33.970001220703125,28.007423400878906,3357100
2019-03-08,GLW,33.65999984741211,33.849998474121094,33.5,33.79999923706055,27.867258071899414,2805100
2019-03-11,GLW,34.0,34.310001373291016,33.900001525878906,34.20000076293945,28.197050094604492,2937300
2019-03-12,GLW,34.31999969482422,34.33000183105469,34.119998931884766,34.20000076293945,28.197050094604492,2375900
2019-03-13,GLW,34.34000015258789,34.5099983215332,34.22999954223633,34.310001373291016,28.287744522094727,2536700
2019-03-14,GLW,34.25,34.25,33.900001525878906,34.220001220703125,28.21354103088379,2970500
2019-03-15,GLW,34.220001220703125,34.540000915527344,34.16999816894531,34.52000045776367,28.46088218688965,6019200
2019-03-18,GLW,34.61000061035156,34.709999084472656,34.220001220703125,34.349998474121094,28.32071304321289,3171800
2019-03-19,GLW,34.5,34.880001068115234,34.45000076293945,34.61000061035156,28.53508186340332,3330600
2019-03-20,GLW,34.61000061035156,34.619998931884766,33.91999816894531,34.220001220703125,28.21354103088379,2753600
2019-03-21,GLW,34.15999984741211,34.939998626708984,34.099998474121094,34.790000915527344,28.683490753173828,3172200
2019-03-22,GLW,34.689998626708984,34.75,33.7599983215332,33.83000183105469,27.891992568969727,3371400
2019-03-25,GLW,33.75,33.9900016784668,33.439998626708984,33.7400016784668,27.817790985107422,2462100
2019-03-26,GLW,34.040000915527344,34.150001525878906,33.31999969482422,33.61000061035156,27.710609436035156,3616600
2019-03-27,GLW,33.61000061035156,33.72999954223633,33.099998474121094,33.2400016784668,27.405555725097656,3687100
2019-03-28,GLW,33.279998779296875,33.4900016784668,32.88999938964844,32.900001525878906,27.1252384185791,4129600
2019-03-29,GLW,33.04999923706055,33.31999969482422,32.95000076293945,33.099998474121094,27.290122985839844,4370000
2019-04-01,GLW,33.41999816894531,34.040000915527344,33.31999969482422,33.91999816894531,27.96619987487793,5225300
2019-04-02,GLW,34.0099983215332,34.150001525878906,33.90999984741211,34.02000045776367,28.04864501953125,2914100
2019-04-03,GLW,34.380001068115234,34.650001525878906,34.27000045776367,34.380001068115234,28.345455169677734,4114400
2019-04-04,GLW,34.310001373291016,34.7400016784668,34.290000915527344,34.61000061035156,28.53508186340332,3184200
2019-04-05,GLW,34.720001220703125,34.970001220703125,34.63999938964844,34.689998626708984,28.601041793823242,2201300
2019-04-08,GLW,34.61000061035156,34.689998626708984,34.279998779296875,34.68000030517578,28.592805862426758,1812500
2019-04-09,GLW,34.529998779296875,34.619998931884766,34.22999954223633,34.290000915527344,28.271255493164062,2017300
2019-04-10,GLW,34.290000915527344,34.47999954223633,34.2599983215332,34.400001525878906,28.361948013305664,1457600
2019-04-11,GLW,34.41999816894531,34.70000076293945,34.36000061035156,34.599998474121094,28.526838302612305,1487000
2019-04-12,GLW,34.880001068115234,35.060001373291016,34.7599983215332,35.0099983215332,28.86487579345703,2093400
2019-04-15,GLW,35.13999938964844,35.150001525878906,34.72999954223633,34.959999084472656,28.823646545410156,2183900
2019-04-16,GLW,35.0,35.099998474121094,34.810001373291016,34.880001068115234,28.75768280029297,2269600
2019-04-17,GLW,35.0099983215332,35.34000015258789,34.75,34.90999984741211,28.78242301940918,2606200
2019-04-18,GLW,34.9900016784668,35.189998626708984,34.79999923706055,34.849998474121094,28.732959747314453,2968000
2019-04-22,GLW,34.68000030517578,34.689998626708984,34.2599983215332,34.349998474121094,28.32071304321289,3014300
2019-04-23,GLW,34.439998626708984,34.90999984741211,34.2599983215332,34.849998474121094,28.732959747314453,2565000
2019-04-24,GLW,34.75,34.900001525878906,34.369998931884766,34.45000076293945,28.403167724609375,2790900
2019-04-25,GLW,34.31999969482422,34.34000015258789,33.400001525878906,33.560001373291016,27.66937828063965,3113200
2019-04-26,GLW,33.4900016784668,33.72999954223633,33.18000030517578,33.650001525878906,27.743589401245117,2638900
2019-04-29,GLW,33.61000061035156,33.91999816894531,33.47999954223633,33.72999954223633,27.809547424316406,5167400
2019-04-30,GLW,31.049999237060547,32.15999984741211,30.360000610351562,31.850000381469727,26.259532928466797,17836600
2019-05-01,GLW,32.0,32.70000076293945,31.670000076293945,32.310001373291016,26.638792037963867,8176100
2019-05-02,GLW,32.43000030517578,32.58000183105469,31.399999618530273,31.579999923706055,26.03692626953125,6798300
2019-05-03,GLW,31.649999618530273,32.099998474121094,31.649999618530273,31.989999771118164,26.37495994567871,4433700
2019-05-06,GLW,31.1299991607666,31.639999389648438,31.079999923706055,31.5,25.970966339111328,3945100
2019-05-07,GLW,31.43000030517578,31.65999984741211,30.920000076293945,31.15999984741211,25.69064712524414,6555100
2019-05-08,GLW,31.079999923706055,31.209999084472656,30.850000381469727,30.889999389648438,25.468036651611328,4506400
2019-05-09,GLW,30.729999542236328,30.729999542236328,30.049999237060547,30.6299991607666,25.25366973876953,4854300
2019-05-10,GLW,30.389999389648438,30.93000030517578,29.93000030517578,30.790000915527344,25.385591506958008,4989000
2019-05-13,GLW,30.110000610351562,30.149999618530273,29.5,29.600000381469727,24.404462814331055,5613300
2019-05-14,GLW,29.760000228881836,30.309999465942383,29.719999313354492,30.059999465942383,24.78372573852539,3707600
2019-05-15,GLW,29.84000015258789,30.31999969482422,29.719999313354492,30.270000457763672,24.956863403320312,4126600
2019-05-16,GLW,30.59000015258789,31.100000381469727,30.389999389648438,30.5,25.146493911743164,7558000
2019-05-17,GLW,30.110000610351562,30.3799991607666,29.760000228881836,29.90999984741211,24.660053253173828,5174700
2019-05-20,GLW,29.579999923706055,29.799999237060547,29.469999313354492,29.600000381469727,24.404462814331055,4792800
2019-05-21,GLW,30.06999969482422,30.43000030517578,29.84000015258789,30.329999923706055,25.006332397460938,5755500
2019-05-22,GLW,30.1200008392334,30.489999771118164,30.09000015258789,30.360000610351562,25.03106117248535,4219000
2019-05-23,GLW,29.989999771118164,29.989999771118164,29.389999389648438,29.6299991607666,24.42919921875,5164600
2019-05-24,GLW,29.8799991607666,29.979999542236328,29.639999389648438,29.700000762939453,24.486909866333008,3432900
2019-05-28,GLW,29.809999465942383,29.940000534057617,29.600000381469727,29.639999389648438,24.437448501586914,5761100
2019-05-29,GLW,29.459999084472656,29.850000381469727,29.020000457763672,29.190000534057617,24.066425323486328,3920800
2019-05-30,GLW,29.15999984741211,29.350000381469727,29.030000686645508,29.18000030517578,24.22416114807129,2927500
2019-05-31,GLW,28.809999465942383,28.959999084472656,28.600000381469727,28.84000015258789,23.94190216064453,4068000
2019-06-03,GLW,28.81999969482422,29.239999771118164,28.700000762939453,28.850000381469727,23.950212478637695,3649100
2019-06-04,GLW,29.299999237060547,29.899999618530273,29.260000228881836,29.8700008392334,24.796972274780273,4222100
2019-06-05,GLW,30.1200008392334,30.3799991607666,29.860000610351562,30.360000610351562,25.20374870300293,4398300
2019-06-06,GLW,30.360000610351562,30.6200008392334,30.149999618530273,30.489999771118164,25.311670303344727,3365300
2019-06-07,GLW,30.690000534057617,30.93000030517578,30.559999465942383,30.579999923706055,25.386384963989258,3028400
2019-06-10,GLW,30.799999237060547,31.329999923706055,30.719999313354492,30.940000534057617,25.685253143310547,3911300
2019-06-11,GLW,31.31999969482422,31.43000030517578,30.90999984741211,30.959999084472656,25.70184898376465,3847600
2019-06-12,GLW,30.93000030517578,31.270000457763672,30.93000030517578,31.209999084472656,25.909393310546875,3412800
2019-06-13,GLW,31.270000457763672,31.489999771118164,31.100000381469727,31.290000915527344,25.97580909729004,3566300
2019-06-14,GLW,31.260000228881836,31.5,30.299999237060547,30.90999984741211,25.660343170166016,5660000
2019-06-17,GLW,31.200000762939453,31.479999542236328,30.940000534057617,31.3700008392334,26.042213439941406,5155500
2019-06-18,GLW,31.639999389648438,32.83000183105469,31.510000228881836,32.52000045776367,26.996910095214844,8515500
2019-06-19,GLW,32.630001068115234,32.779998779296875,32.45000076293945,32.70000076293945,27.146337509155273,4762600
2019-06-20,GLW,32.970001220703125,33.310001373291016,32.63999938964844,33.119998931884766,27.4950008392334,8467400
2019-06-21,GLW,33.22999954223633,33.349998474121094,32.93000030517578,33.25,27.602920532226562,9145600
2019-06-24,GLW,33.29999923706055,33.349998474121094,32.84000015258789,33.040000915527344,27.428590774536133,6673500
2019-06-25,GLW,33.04999923706055,33.209999084472656,32.7599983215332,32.810001373291016,27.23764991760254,4203400
2019-06-26,GLW,33.04999923706055,33.459999084472656,32.97999954223633,33.060001373291016,27.445192337036133,5404000
2019-06-27,GLW,33.189998626708984,33.41999816894531,33.099998474121094,33.22999954223633,27.586318969726562,3149600
2019-06-28,GLW,33.20000076293945,33.369998931884766,32.93000030517578,33.22999954223633,27.586318969726562,8436700
2019-07-01,GLW,33.93000030517578,34.2599983215332,33.810001373291016,34.119998931884766,28.325164794921875,5976600
2019-07-02,GLW,34.0,34.09000015258789,33.560001373291016,33.709999084472656,27.984792709350586,2763700
2019-07-03,GLW,33.779998779296875,33.91999816894531,33.599998474121094,33.75,28.018007278442383,3209900
2019-07-05,GLW,33.59000015258789,33.61000061035156,33.150001525878906,33.61000061035156,27.901782989501953,2496100
2019-07-08,GLW,33.29999923706055,33.38999938964844,32.849998474121094,33.0099983215332,27.4036808013916,3688500
2019-07-09,GLW,32.90999984741211,33.11000061035156,32.7599983215332,33.029998779296875,27.4202880859375,2638900
2019-07-10,GLW,33.15999984741211,33.36000061035156,32.7400016784668,32.7400016784668,27.17954444885254,3287500
2019-07-11,GLW,32.7400016784668,32.790000915527344,32.380001068115234,32.54999923706055,27.021806716918945,3186900
2019-07-12,GLW,32.77000045776367,33.099998474121094,32.70000076293945,33.0099983215332,27.4036808013916,4466500
2019-07-15,GLW,33.029998779296875,33.41999816894531,32.9900016784668,33.369998931884766,27.702543258666992,2421600
2019-07-16,GLW,33.31999969482422,33.4900016784668,33.150001525878906,33.29999923706055,27.644426345825195,2400000
2019-07-17,GLW,33.13999938964844,33.209999084472656,32.65999984741211,32.95000076293945,27.3538761138916,6728200
2019-07-18,GLW,32.95000076293945,33.220001220703125,32.779998779296875,33.15999984741211,27.528209686279297,3945000
2019-07-19,GLW,33.54999923706055,33.58000183105469,33.099998474121094,33.11000061035156,27.486703872680664,4471700
2019-07-22,GLW,33.150001525878906,33.45000076293945,32.97999954223633,33.36000061035156,27.694244384765625,3675200
2019-07-23,GLW,33.459999084472656,33.7599983215332,33.41999816894531,33.58000183105469,27.876876831054688,3889600
2019-07-24,GLW,33.5,33.869998931884766,33.5,33.81999969482422,28.076112747192383,4037000
2019-07-25,GLW,33.58000183105469,33.619998931884766,32.91999816894531,33.0,27.395383834838867,6283400
2019-07-26,GLW,33.15999984741211,33.84000015258789,33.029998779296875,33.790000915527344,28.05121612548828,5929700
2019-07-29,GLW,34.0099983215332,34.25,33.849998474121094,34.099998474121094,28.30855941772461,5975300
2019-07-30,GLW,31.8700008392334,32.15999984741211,31.209999084472656,31.399999618530273,26.067119598388672,16820000
2019-07-31,GLW,31.270000457763672,31.329999923706055,30.350000381469727,30.75,25.527517318725586,12895000
2019-08-01,GLW,30.389999389648438,30.760000228881836,29.610000610351562,29.739999771118164,24.689048767089844,10966800
2019-08-02,GLW,29.5,29.760000228881836,29.06999969482422,29.290000915527344,24.31548309326172,6626100
2019-08-05,GLW,28.959999084472656,29.0,27.959999084472656,28.18000030517578,23.393993377685547,11258200
2019-08-06,GLW,28.530000686645508,28.729999542236328,28.100000381469727,28.520000457763672,23.676250457763672,6229900
2019-08-07,GLW,28.030000686645508,28.610000610351562,27.920000076293945,28.510000228881836,23.66795539855957,7118900
2019-08-08,GLW,28.8799991607666,29.219999313354492,28.719999313354492,29.149999618530273,24.199254989624023,5256200
2019-08-09,GLW,28.979999542236328,28.979999542236328,28.06999969482422,28.280000686645508,23.477014541625977,4387800
2019-08-12,GLW,28.040000915527344,28.09000015258789,27.600000381469727,27.75,23.037029266357422,3562900
2019-08-13,GLW,27.600000381469727,28.75,27.540000915527344,28.219999313354492,23.427202224731445,4835600
2019-08-14,GLW,27.809999465942383,27.8700008392334,27.299999237060547,27.31999969482422,22.6800537109375,5925200
2019-08-15,GLW,27.309999465942383,27.440000534057617,26.979999542236328,27.1299991607666,22.52233123779297,5039800
2019-08-16,GLW,27.350000381469727,27.790000915527344,27.219999313354492,27.6299991607666,22.937408447265625,5262500
2019-08-19,GLW,28.079999923706055,28.25,27.8799991607666,27.889999389648438,23.15325164794922,3358800
2019-08-20,GLW,27.770000457763672,27.920000076293945,27.469999313354492,27.489999771118164,22.821184158325195,4075500
2019-08-21,GLW,27.790000915527344,28.06999969482422,27.709999084472656,27.889999389648438,23.15325164794922,4654300
2019-08-22,GLW,28.100000381469727,28.3799991607666,27.780000686645508,28.18000030517578,23.393993377685547,6952500
2019-08-23,GLW,28.0,28.270000457763672,27.290000915527344,27.450000762939453,22.78797721862793,5438600
2019-08-26,GLW,27.670000076293945,27.760000228881836,27.1299991607666,27.229999542236328,22.6053409576416,4977200
2019-08-27,GLW,27.420000076293945,27.5,26.989999771118164,27.06999969482422,22.472515106201172,3642500
2019-08-28,GLW,26.93000030517578,27.450000762939453,26.780000686645508,27.3799991607666,22.729869842529297,3919700
2019-08-29,GLW,27.6299991607666,27.940000534057617,27.549999237060547,27.719999313354492,23.18144989013672,2991800
2019-08-30,GLW,28.040000915527344,28.190000534057617,27.690000534057617,27.850000381469727,23.290170669555664,5084300
2019-09-03,GLW,27.420000076293945,27.510000228881836,26.790000915527344,27.06999969482422,22.637880325317383,4956600
2019-09-04,GLW,27.350000381469727,27.520000457763672,27.139999389648438,27.399999618530273,22.91384506225586,4123400
2019-09-05,GLW,27.770000457763672,28.719999313354492,27.760000228881836,28.579999923706055,23.90064239501953,6776900
2019-09-06,GLW,28.709999084472656,28.850000381469727,28.270000457763672,28.329999923706055,23.691577911376953,4711100
2019-09-09,GLW,28.479999542236328,28.790000915527344,28.3799991607666,28.690000534057617,23.99263572692871,5524500
2019-09-10,GLW,28.610000610351562,29.389999389648438,28.559999465942383,29.190000534057617,24.41077423095703,6321100
2019-09-11,GLW,29.399999618530273,29.979999542236328,28.950000762939453,29.979999542236328,25.071426391601562,5872300
2019-09-12,GLW,30.020000457763672,30.440000534057617,29.700000762939453,30.25,25.297222137451172,8458700
2019-09-13,GLW,30.290000915527344,30.530000686645508,30.1200008392334,30.15999984741211,25.221956253051758,4434900
2019-09-16,GLW,30.0,30.25,29.899999618530273,30.049999237060547,25.129968643188477,2868500
2019-09-17,GLW,27.84000015258789,28.290000915527344,27.420000076293945,28.229999542236328,23.607954025268555,28453300
2019-09-18,GLW,28.229999542236328,28.239999771118164,27.600000381469727,27.899999618530273,23.331981658935547,8495900
2019-09-19,GLW,27.940000534057617,27.959999084472656,27.59000015258789,27.600000381469727,23.08110237121582,5089600
2019-09-20,GLW,27.68000030517578,28.139999389648438,27.68000030517578,27.760000228881836,23.214906692504883,6849800
2019-09-23,GLW,27.649999618530273,27.790000915527344,27.5,27.670000076293945,23.13963508605957,5354600
2019-09-24,GLW,27.770000457763672,27.84000015258789,27.40999984741211,27.649999618530273,23.122913360595703,5587100
2019-09-25,GLW,27.649999618530273,28.360000610351562,27.540000915527344,28.260000228881836,23.633039474487305,4348200
2019-09-26,GLW,28.25,28.34000015258789,27.90999984741211,28.229999542236328,23.607954025268555,2724200
2019-09-27,GLW,28.3799991607666,28.700000762939453,28.149999618530273,28.3799991607666,23.7333927154541,3423300
2019-09-30,GLW,28.6200008392334,28.700000762939453,28.329999923706055,28.520000457763672,23.85047149658203,5054800
2019-10-01,GLW,28.700000762939453,28.959999084472656,27.6200008392334,27.780000686645508,23.231630325317383,5338800
2019-10-02,GLW,27.540000915527344,27.6200008392334,27.229999542236328,27.31999969482422,22.846940994262695,4406000
2019-10-03,GLW,27.219999313354492,27.610000610351562,26.75,27.600000381469727,23.08110237121582,4171500
2019-10-04,GLW,27.649999618530273,28.059999465942383,27.510000228881836,28.020000457763672,23.43233299255371,3271400
2019-10-07,GLW,27.889999389648438,28.219999313354492,27.799999237060547,27.920000076293945,23.34870719909668,3255500
2019-10-08,GLW,27.59000015258789,27.709999084472656,27.1299991607666,27.270000457763672,22.805133819580078,5858800
2019-10-09,GLW,27.540000915527344,28.0,27.489999771118164,27.81999969482422,23.265079498291016,4370800
2019-10-10,GLW,27.850000381469727,28.469999313354492,27.799999237060547,28.200000762939453,23.58286476135254,4457300
2019-10-11,GLW,28.549999237060547,29.34000015258789,28.479999542236328,29.059999465942383,24.30205726623535,8012800
2019-10-14,GLW,28.920000076293945,29.110000610351562,28.75,29.010000228881836,24.260244369506836,2723300
2019-10-15,GLW,29.0,29.690000534057617,28.93000030517578,29.530000686645508,24.695104598999023,3795900
2019-10-16,GLW,29.3799991607666,29.65999984741211,29.3799991607666,29.520000457763672,24.68674087524414,3924400
2019-10-17,GLW,29.709999084472656,29.780000686645508,29.270000457763672,29.350000381469727,24.544574737548828,4590400
2019-10-18,GLW,29.309999465942383,29.43000030517578,29.200000762939453,29.329999923706055,24.527851104736328,7308300
2019-10-21,GLW,29.579999923706055,30.1299991607666,29.549999237060547,29.90999984741211,25.012893676757812,4528400
2019-10-22,GLW,29.649999618530273,30.190000534057617,29.639999389648438,30.010000228881836,25.096515655517578,4821300
2019-10-23,GLW,29.93000030517578,30.100000381469727,29.700000762939453,30.079999923706055,25.15505027770996,4176700
2019-10-24,GLW,30.280000686645508,30.34000015258789,29.709999084472656,29.790000915527344,24.912540435791016,4577900
2019-10-25,GLW,29.790000915527344,30.700000762939453,29.729999542236328,30.510000228881836,25.514650344848633,7399500
2019-10-28,GLW,30.670000076293945,30.829999923706055,30.3799991607666,30.610000610351562,25.598281860351562,6534000
2019-10-29,GLW,30.93000030517578,31.100000381469727,29.360000610351562,30.260000228881836,25.30558967590332,8232000
2019-10-30,GLW,29.06999969482422,30.420000076293945,29.010000228881836,30.389999389648438,25.414297103881836,7477000
2019-10-31,GLW,30.229999542236328,30.389999389648438,29.56999969482422,29.6299991607666,24.778732299804688,7027700
2019-11-01,GLW,29.780000686645508,29.889999389648438,29.520000457763672,29.579999923706055,24.73691749572754,6938000
2019-11-04,GLW,29.760000228881836,30.15999984741211,29.719999313354492,30.059999465942383,25.138328552246094,4385300
2019-11-05,GLW,30.1200008392334,30.3700008392334,29.8799991607666,30.049999237060547,25.129968643188477,4089900
2019-11-06,GLW,29.989999771118164,30.110000610351562,29.790000915527344,29.84000015258789,24.954349517822266,3101200
2019-11-07,GLW,30.100000381469727,30.299999237060547,30.09000015258789,30.190000534057617,25.247047424316406,3807300
2019-11-08,GLW,30.139999389648438,30.3799991607666,29.8799991607666,30.3700008392334,25.397571563720703,2639300
2019-11-11,GLW,30.1200008392334,30.18000030517578,29.790000915527344,29.940000534057617,25.037982940673828,2174700
2019-11-12,GLW,29.979999542236328,30.030000686645508,29.56999969482422,29.6200008392334,24.770366668701172,2846200
2019-11-13,GLW,29.399999618530273,29.59000015258789,29.219999313354492,29.309999465942383,24.51112174987793,4523200
2019-11-14,GLW,29.030000686645508,29.100000381469727,28.75,28.950000762939453,24.37640380859375,3508100
2019-11-15,GLW,29.100000381469727,29.389999389648438,29.020000457763672,29.350000381469727,24.713207244873047,4089000
2019-11-18,GLW,29.139999389648438,29.209999084472656,28.889999389648438,29.020000457763672,24.435346603393555,3037600
2019-11-19,GLW,29.200000762939453,29.200000762939453,28.780000686645508,28.950000762939453,24.37640380859375,3641800
2019-11-20,GLW,28.780000686645508,28.969999313354492,28.40999984741211,28.6200008392334,24.098539352416992,3769000
2019-11-21,GLW,28.639999389648438,28.639999389648438,28.280000686645508,28.549999237060547,24.03959083557129,5610400
2019-11-22,GLW,28.690000534057617,29.030000686645508,28.639999389648438,29.020000457763672,24.435346603393555,4670900
2019-11-25,GLW,29.219999313354492,29.360000610351562,29.059999465942383,29.239999771118164,24.620588302612305,3431900
2019-11-26,GLW,29.09000015258789,29.219999313354492,28.860000610351562,29.139999389648438,24.5363826751709,4462800
2019-11-27,GLW,29.170000076293945,29.479999542236328,29.1299991607666,29.350000381469727,24.713207244873047,2754900
2019-11-29,GLW,29.270000457763672,29.350000381469727,29.020000457763672,29.040000915527344,24.452192306518555,1598300
2019-12-02,GLW,29.049999237060547,29.170000076293945,28.690000534057617,28.75,24.207996368408203,2937700
2019-12-03,GLW,28.3799991607666,28.389999389648438,27.649999618530273,28.030000686645508,23.601747512817383,4829300
2019-12-04,GLW,28.200000762939453,28.559999465942383,28.010000228881836,28.020000457763672,23.59333038330078,4898300
2019-12-05,GLW,28.1200008392334,28.15999984741211,27.670000076293945,27.690000534057617,23.315460205078125,5328600
2019-12-06,GLW,27.950000762939453,28.149999618530273,27.850000381469727,27.889999389648438,23.48386573791504,4697700
2019-12-09,GLW,27.950000762939453,28.959999084472656,27.899999618530273,28.510000228881836,24.005916595458984,9053200
2019-12-10,GLW,28.510000228881836,28.610000610351562,27.969999313354492,28.0,23.57648468017578,5055400
2019-12-11,GLW,28.1200008392334,28.5,28.0,28.020000457763672,23.59333038330078,6075800
2019-12-12,GLW,27.940000534057617,29.31999969482422,27.940000534057617,29.25,24.62900733947754,8012900
2019-12-13,GLW,29.31999969482422,29.440000534057617,28.579999923706055,28.739999771118164,24.19957733154297,5846600
2019-12-16,GLW,29.020000457763672,29.06999969482422,28.5,28.6200008392334,24.098539352416992,4858000
2019-12-17,GLW,28.600000381469727,28.75,28.3799991607666,28.510000228881836,24.005916595458984,5254900
2019-12-18,GLW,28.530000686645508,28.530000686645508,28.09000015258789,28.309999465942383,23.837507247924805,5168600
2019-12-19,GLW,28.229999542236328,28.920000076293945,28.149999618530273,28.920000076293945,24.35114097595215,8285300
2019-12-20,GLW,29.229999542236328,29.360000610351562,29.010000228881836,29.010000228881836,24.426918029785156,12893200
2019-12-23,GLW,29.049999237060547,29.1299991607666,28.719999313354492,29.1200008392334,24.519548416137695,3708600
2019-12-24,GLW,29.139999389648438,29.149999618530273,28.700000762939453,28.81999969482422,24.266935348510742,1531500
2019-12-26,GLW,28.940000534057617,29.100000381469727,28.899999618530273,29.030000686645508,24.443763732910156,2398900
2019-12-27,GLW,29.100000381469727,29.100000381469727,28.729999542236328,28.790000915527344,24.241683959960938,2253000
2019-12-30,GLW,28.75,29.1299991607666,28.709999084472656,29.010000228881836,24.426918029785156,3950200
2019-12-31,GLW,28.889999389648438,29.1200008392334,28.809999465942383,29.110000610351562,24.51112174987793,3586100
2020-01-02,GLW,29.31999969482422,30.0,29.299999237060547,29.989999771118164,25.25210189819336,5627500
2020-01-03,GLW,29.540000915527344,29.729999542236328,29.309999465942383,29.600000381469727,24.92371368408203,6977700
2020-01-06,GLW,29.3700008392334,29.690000534057617,29.25,29.68000030517578,24.991079330444336,6013700
2020-01-07,GLW,29.790000915527344,29.940000534057617,29.489999771118164,29.899999618530273,25.176315307617188,6851500
2020-01-08,GLW,29.709999084472656,30.079999923706055,29.65999984741211,30.040000915527344,25.294200897216797,8429600
2020-01-09,GLW,30.229999542236328,30.229999542236328,30.0,30.219999313354492,25.44576072692871,6048100
2020-01-10,GLW,30.1299991607666,30.34000015258789,30.010000228881836,30.110000610351562,25.353145599365234,4734300
2020-01-13,GLW,30.100000381469727,30.420000076293945,29.8700008392334,30.399999618530273,25.597326278686523,5046100
2020-01-14,GLW,30.3799991607666,30.440000534057617,29.959999084472656,30.110000610351562,25.353145599365234,5483600
2020-01-15,GLW,29.850000381469727,30.06999969482422,29.540000915527344,29.670000076293945,24.982656478881836,5406300
2020-01-16,GLW,29.799999237060547,30.110000610351562,29.6200008392334,30.010000228881836,25.26894187927246,4193800
2020-01-17,GLW,30.079999923706055,30.209999084472656,29.920000076293945,30.059999465942383,25.311044692993164,4348200
2020-01-21,GLW,29.790000915527344,29.8700008392334,29.510000228881836,29.709999084472656,25.016334533691406,4313900
2020-01-22,GLW,29.760000228881836,30.1299991607666,29.579999923706055,29.649999618530273,24.9658145904541,4391500
2020-01-23,GLW,29.3700008392334,29.6200008392334,29.09000015258789,29.549999237060547,24.88161277770996,4167900
2020-01-24,GLW,29.65999984741211,29.719999313354492,29.079999923706055,29.360000610351562,24.721633911132812,4741400
2020-01-27,GLW,28.760000228881836,28.920000076293945,28.559999465942383,28.559999465942383,24.04801368713379,6832300
2020-01-28,GLW,28.75,28.84000015258789,27.979999542236328,28.0,23.57648468017578,10978900
2020-01-29,GLW,27.809999465942383,29.260000228881836,27.559999465942383,28.350000381469727,23.87119483947754,12837000
2020-01-30,GLW,27.959999084472656,27.959999084472656,27.25,27.690000534057617,23.315460205078125,9475000
2020-01-31,GLW,27.56999969482422,27.600000381469727,26.549999237060547,26.690000534057617,22.47344207763672,8708200
2020-02-03,GLW,26.84000015258789,27.3700008392334,26.809999465942383,26.90999984741211,22.658687591552734,4752700
2020-02-04,GLW,27.469999313354492,27.670000076293945,27.290000915527344,27.579999923706055,23.222837448120117,4486400
2020-02-05,GLW,28.110000610351562,28.299999237060547,27.84000015258789,28.290000915527344,23.82066535949707,5647600
2020-02-06,GLW,28.440000534057617,28.489999771118164,28.040000915527344,28.170000076293945,23.719627380371094,3253300
2020-02-07,GLW,27.93000030517578,27.979999542236328,27.649999618530273,27.68000030517578,23.307039260864258,3386900
2020-02-10,GLW,27.59000015258789,27.639999389648438,27.399999618530273,27.56999969482422,23.21441650390625,3150200
2020-02-11,GLW,27.790000915527344,28.329999923706055,27.700000762939453,28.040000915527344,23.61016273498535,5260800
2020-02-12,GLW,28.299999237060547,28.889999389648438,28.260000228881836,28.84000015258789,24.283777236938477,4815500
2020-02-13,GLW,28.600000381469727,28.920000076293945,28.329999923706055,28.709999084472656,24.174320220947266,3921000
2020-02-14,GLW,28.700000762939453,28.700000762939453,28.450000762939453,28.59000015258789,24.073278427124023,2841800
2020-02-18,GLW,28.3700008392334,28.540000915527344,27.84000015258789,27.969999313354492,23.551225662231445,4379500
2020-02-19,GLW,28.0,28.309999465942383,27.889999389648438,27.959999084472656,23.542808532714844,8384200
2020-02-20,GLW,27.8700008392334,28.309999465942383,27.709999084472656,28.290000915527344,23.82066535949707,5912800
2020-02-21,GLW,27.959999084472656,28.1299991607666,27.75,27.959999084472656,23.542808532714844,4774100
2020-02-24,GLW,26.959999084472656,27.34000015258789,26.670000076293945,27.0,22.73447036743164,5771700
2020-02-25,GLW,27.18000030517578,27.200000762939453,25.360000610351562,25.719999313354492,21.656686782836914,12039900
2020-02-26,GLW,25.979999542236328,26.290000915527344,25.25,25.25,21.26093864440918,7331300
2020-02-27,GLW,24.34000015258789,25.18000030517578,23.68000030517578,24.030000686645508,20.411516189575195,10953900
2020-02-28,GLW,23.040000915527344,24.100000381469727,22.799999237060547,23.860000610351562,20.267118453979492,13670400
2017-01-03,XLK,24.334999084472656,24.479999542236328,24.25,24.395000457763672,22.148149490356445,27881200
2017-01-04,XLK,24.415000915527344,24.514999389648438,24.399999618530273,24.479999542236328,22.225313186645508,14446200
2017-01-05,XLK,24.454999923706055,24.579999923706055,24.424999237060547,24.520000457763672,22.26163101196289,11005800
2017-01-06,XLK,24.520000457763672,24.735000610351562,24.450000762939453,24.700000762939453,22.425060272216797,17501200
2017-01-09,XLK,24.71500015258789,24.774999618530273,24.68000030517578,24.69499969482422,22.420520782470703,16627000
2017-01-10,XLK,24.700000762939453,24.78499984741211,24.614999771118164,24.700000762939453,22.425060272216797,15471600
2017-01-11,XLK,24.655000686645508,24.815000534057617,24.625,24.815000534057617,22.529460906982422,15173000
2017-01-12,XLK,24.719999313354492,24.78499984741211,24.520000457763672,24.7549991607666,22.47499656677246,13725400
2017-01-13,XLK,24.7549991607666,24.875,24.7549991607666,24.829999923706055,22.54308319091797,9665800
2017-01-17,XLK,24.764999389648438,24.80500030517578,24.68000030517578,24.735000610351562,22.456838607788086,9651600
2017-01-18,XLK,24.80500030517578,24.834999084472656,24.739999771118164,24.799999237060547,22.515844345092773,12315400
2017-01-19,XLK,24.799999237060547,24.889999389648438,24.719999313354492,24.764999389648438,22.484071731567383,14500000
2017-01-20,XLK,24.875,24.96500015258789,24.834999084472656,24.899999618530273,22.60664176940918,17510800
2017-01-23,XLK,24.875,24.954999923706055,24.770000457763672,24.94499969482422,22.647493362426758,23955200
2017-01-24,XLK,24.924999237060547,25.139999389648438,24.915000915527344,25.100000381469727,22.7882137298584,13021800
2017-01-25,XLK,25.235000610351562,25.34000015258789,25.21500015258789,25.34000015258789,23.006113052368164,18395600
2017-01-26,XLK,25.334999084472656,25.354999542236328,25.200000762939453,25.270000457763672,22.94255828857422,14253000
2017-01-27,XLK,25.360000610351562,25.415000915527344,25.315000534057617,25.3700008392334,23.033353805541992,12046000
2017-01-30,XLK,25.28499984741211,25.28499984741211,25.049999237060547,25.165000915527344,22.847227096557617,16893200
2017-01-31,XLK,25.084999084472656,25.110000610351562,24.93000030517578,25.040000915527344,22.73374366760254,19115600
2017-02-01,XLK,25.270000457763672,25.309999465942383,25.09000015258789,25.229999542236328,22.906240463256836,23362200
2017-02-02,XLK,25.155000686645508,25.225000381469727,25.049999237060547,25.18000030517578,22.860849380493164,17197800
2017-02-03,XLK,25.274999618530273,25.3799991607666,25.270000457763672,25.344999313354492,23.010650634765625,13667200
2017-02-06,XLK,25.309999465942383,25.364999771118164,25.2450008392334,25.360000610351562,23.02427101135254,13453000
2017-02-07,XLK,25.40999984741211,25.489999771118164,25.389999389648438,25.459999084472656,23.11505889892578,20106200
2017-02-08,XLK,25.459999084472656,25.545000076293945,25.389999389648438,25.5049991607666,23.155916213989258,12706200
2017-02-09,XLK,25.5049991607666,25.649999618530273,25.5049991607666,25.584999084472656,23.228546142578125,9739200
2017-02-10,XLK,25.645000457763672,25.700000762939453,25.579999923706055,25.65999984741211,23.2966365814209,8355800
2017-02-13,XLK,25.704999923706055,25.80500030517578,25.670000076293945,25.774999618530273,23.401046752929688,13159400
2017-02-14,XLK,25.7450008392334,25.860000610351562,25.670000076293945,25.860000610351562,23.478221893310547,12467600
2017-02-15,XLK,25.84000015258789,25.96500015258789,25.815000534057617,25.94499969482422,23.555389404296875,11895000
2017-02-16,XLK,25.979999542236328,26.075000762939453,25.94499969482422,26.0049991607666,23.609865188598633,14123000
2017-02-17,XLK,25.975000381469727,26.094999313354492,25.934999465942383,26.094999313354492,23.691574096679688,14175400
2017-02-21,XLK,26.149999618530273,26.239999771118164,26.110000610351562,26.229999542236328,23.814138412475586,15237400
2017-02-22,XLK,26.204999923706055,26.280000686645508,26.149999618530273,26.260000228881836,23.84137725830078,13769600
2017-02-23,XLK,26.295000076293945,26.315000534057617,26.139999389648438,26.2549991607666,23.836841583251953,13405400
2017-02-24,XLK,26.100000381469727,26.325000762939453,26.084999084472656,26.315000534057617,23.891311645507812,15544200
2017-02-27,XLK,26.309999465942383,26.309999465942383,26.239999771118164,26.299999237060547,23.8776912689209,15951200
2017-02-28,XLK,26.2549991607666,26.280000686645508,26.135000228881836,26.174999237060547,23.76420783996582,15243000
2017-03-01,XLK,26.334999084472656,26.579999923706055,26.274999618530273,26.545000076293945,24.10012435913086,18190600
2017-03-02,XLK,26.520000457763672,26.524999618530273,26.354999542236328,26.3700008392334,23.94124412536621,14340200
2017-03-03,XLK,26.350000381469727,26.43000030517578,26.295000076293945,26.43000030517578,23.995718002319336,15714000
2017-03-06,XLK,26.31999969482422,26.434999465942383,26.274999618530273,26.389999389648438,23.959402084350586,13430400
2017-03-07,XLK,26.3700008392334,26.5,26.350000381469727,26.389999389648438,23.959402084350586,13960800
2017-03-08,XLK,26.420000076293945,26.5,26.385000228881836,26.420000076293945,23.986642837524414,11361800
2017-03-09,XLK,26.424999237060547,26.454999923706055,26.28499984741211,26.415000915527344,23.982101440429688,15300400
2017-03-10,XLK,26.540000915527344,26.610000610351562,26.44499969482422,26.55500030517578,24.109209060668945,14709000
2017-03-13,XLK,26.55500030517578,26.610000610351562,26.530000686645508,26.579999923706055,24.13190460205078,14922400
2017-03-14,XLK,26.559999465942383,26.559999465942383,26.420000076293945,26.520000457763672,24.07743263244629,14479800
2017-03-15,XLK,26.559999465942383,26.7450008392334,26.479999542236328,26.700000762939453,24.24085807800293,17867200
2017-03-16,XLK,26.799999237060547,26.809999465942383,26.684999465942383,26.71500015258789,24.25446891784668,21956000
2017-03-17,XLK,26.71500015258789,26.7549991607666,26.65999984741211,26.670000076293945,24.306882858276367,13790800
2017-03-20,XLK,26.674999237060547,26.7549991607666,26.6200008392334,26.69499969482422,24.329660415649414,9083600
2017-03-21,XLK,26.764999389648438,26.829999923706055,26.295000076293945,26.30500030517578,23.97421646118164,29811000
2017-03-22,XLK,26.309999465942383,26.510000228881836,26.274999618530273,26.469999313354492,24.124597549438477,22766600
2017-03-23,XLK,26.43000030517578,26.510000228881836,26.360000610351562,26.399999618530273,24.06079864501953,22718800
2017-03-24,XLK,26.489999771118164,26.579999923706055,26.329999923706055,26.420000076293945,24.07902717590332,26281800
2017-03-27,XLK,26.200000762939453,26.475000381469727,26.165000915527344,26.420000076293945,24.07902717590332,13690000
2017-03-28,XLK,26.395000457763672,26.670000076293945,26.350000381469727,26.610000610351562,24.252193450927734,16907800
2017-03-29,XLK,26.600000381469727,26.670000076293945,26.540000915527344,26.655000686645508,24.2932071685791,11410200
2017-03-30,XLK,26.635000228881836,26.739999771118164,26.614999771118164,26.704999923706055,24.338773727416992,17508400
2017-03-31,XLK,26.68000030517578,26.7450008392334,26.625,26.655000686645508,24.2932071685791,12207000
2017-04-03,XLK,26.68000030517578,26.719999313354492,26.469999313354492,26.6299991607666,24.270414352416992,26035800
2017-04-04,XLK,26.520000457763672,26.649999618530273,26.510000228881836,26.649999618530273,24.288644790649414,15041600
2017-04-05,XLK,26.674999237060547,26.854999542236328,26.514999389648438,26.540000915527344,24.18839454650879,20955800
2017-04-06,XLK,26.56999969482422,26.625,26.479999542236328,26.545000076293945,24.192949295043945,13870200
2017-04-07,XLK,26.5049991607666,26.600000381469727,26.434999465942383,26.530000686645508,24.17928123474121,12938800
2017-04-10,XLK,26.545000076293945,26.610000610351562,26.424999237060547,26.479999542236328,24.133710861206055,9687200
2017-04-11,XLK,26.434999465942383,26.475000381469727,26.165000915527344,26.3799991607666,24.04257583618164,16914200
2017-04-12,XLK,26.354999542236328,26.385000228881836,26.239999771118164,26.290000915527344,23.96055030822754,17368400
2017-04-13,XLK,26.260000228881836,26.434999465942383,26.184999465942383,26.184999465942383,23.864850997924805,19533200
2017-04-17,XLK,26.264999389648438,26.434999465942383,26.264999389648438,26.424999237060547,24.083581924438477,14132000
2017-04-18,XLK,26.354999542236328,26.469999313354492,26.315000534057617,26.420000076293945,24.07902717590332,12487200
2017-04-19,XLK,26.459999084472656,26.55500030517578,26.350000381469727,26.399999618530273,24.06079864501953,14521000
2017-04-20,XLK,26.469999313354492,26.684999465942383,26.43000030517578,26.639999389648438,24.2795352935791,15163800
2017-04-21,XLK,26.649999618530273,26.655000686645508,26.53499984741211,26.584999084472656,24.229402542114258,15233000
2017-04-24,XLK,26.875,26.920000076293945,26.815000534057617,26.899999618530273,24.51649284362793,16210000
2017-04-25,XLK,27.010000228881836,27.094999313354492,26.96500015258789,27.040000915527344,24.644088745117188,20089600
2017-04-26,XLK,27.040000915527344,27.104999542236328,26.985000610351562,27.010000228881836,24.61675453186035,16294400
2017-04-27,XLK,27.079999923706055,27.139999389648438,27.05500030517578,27.1200008392334,24.71700668334961,17183400
2017-04-28,XLK,27.204999923706055,27.2450008392334,27.125,27.190000534057617,24.780805587768555,22836800
2017-05-01,XLK,27.290000915527344,27.43000030517578,27.239999771118164,27.395000457763672,24.967634201049805,15126000
2017-05-02,XLK,27.450000762939453,27.4950008392334,27.354999542236328,27.454999923706055,25.022319793701172,15070200
2017-05-03,XLK,27.364999771118164,27.424999237060547,27.280000686645508,27.405000686645508,24.97675323486328,14309000
2017-05-04,XLK,27.415000915527344,27.43000030517578,27.295000076293945,27.385000228881836,24.95851707458496,15159800
2017-05-05,XLK,27.43000030517578,27.4950008392334,27.364999771118164,27.485000610351562,25.049665451049805,13651600
2017-05-08,XLK,27.5049991607666,27.6200008392334,27.454999923706055,27.604999542236328,25.15903091430664,12140200
2017-05-09,XLK,27.635000228881836,27.71500015258789,27.584999084472656,27.639999389648438,25.19092559814453,15388600
2017-05-10,XLK,27.670000076293945,27.764999389648438,27.610000610351562,27.7450008392334,25.286623001098633,10604000
2017-05-11,XLK,27.65999984741211,27.725000381469727,27.549999237060547,27.709999084472656,25.254732131958008,18196000
2017-05-12,XLK,27.735000610351562,27.795000076293945,27.704999923706055,27.780000686645508,25.318517684936523,9307600
2017-05-15,XLK,27.815000534057617,27.934999465942383,27.799999237060547,27.934999465942383,25.459787368774414,19898600
2017-05-16,XLK,28.0,28.065000534057617,27.905000686645508,28.065000534057617,25.57826805114746,18122200
2017-05-17,XLK,27.844999313354492,27.8700008392334,27.28499984741211,27.299999237060547,24.881059646606445,37090000
2017-05-18,XLK,27.229999542236328,27.565000534057617,27.184999465942383,27.459999084472656,25.026878356933594,33644400
2017-05-19,XLK,27.610000610351562,27.704999923706055,27.579999923706055,27.6200008392334,25.17270278930664,20438200
2017-05-22,XLK,27.684999465942383,27.875,27.68000030517578,27.84000015258789,25.373207092285156,21020600
2017-05-23,XLK,27.954999923706055,27.985000610351562,27.815000534057617,27.889999389648438,25.418773651123047,13221000
2017-05-24,XLK,27.96500015258789,28.010000228881836,27.899999618530273,28.0049991607666,25.523582458496094,18643800
2017-05-25,XLK,28.094999313354492,28.264999389648438,28.040000915527344,28.204999923706055,25.70587158203125,12227000
2017-05-26,XLK,28.18000030517578,28.225000381469727,28.1200008392334,28.190000534057617,25.69219970703125,72564400
2017-05-30,XLK,28.200000762939453,28.34000015258789,28.165000915527344,28.309999465942383,25.801563262939453,11850600
2017-05-31,XLK,28.415000915527344,28.424999237060547,28.170000076293945,28.264999389648438,25.760549545288086,28492200
2017-06-01,XLK,28.325000762939453,28.334999084472656,28.15999984741211,28.334999084472656,25.824342727661133,16872400
2017-06-02,XLK,28.440000534057617,28.600000381469727,28.350000381469727,28.594999313354492,26.061309814453125,16982000
2017-06-05,XLK,28.594999313354492,28.69499969482422,28.559999465942383,28.6200008392334,26.084095001220703,13531600
2017-06-06,XLK,28.584999084472656,28.709999084472656,28.530000686645508,28.565000534057617,26.033967971801758,15370400
2017-06-07,XLK,28.6299991607666,28.704999923706055,28.5049991607666,28.655000686645508,26.115995407104492,17407400
2017-06-08,XLK,28.704999923706055,28.739999771118164,28.559999465942383,28.719999313354492,26.17523765563965,14204800
2017-06-09,XLK,28.760000228881836,28.809999465942383,27.610000610351562,28.010000228881836,25.528141021728516,70285000
2017-06-12,XLK,27.719999313354492,27.889999389648438,27.385000228881836,27.844999313354492,25.377765655517578,71412800
2017-06-13,XLK,27.979999542236328,28.135000228881836,27.84000015258789,28.045000076293945,25.560047149658203,36586800
2017-06-14,XLK,28.155000686645508,28.15999984741211,27.68000030517578,27.90999984741211,25.437009811401367,32361200
2017-06-15,XLK,27.594999313354492,27.825000762939453,27.475000381469727,27.78499984741211,25.323081970214844,29501000
2017-06-16,XLK,27.674999237060547,27.684999465942383,27.510000228881836,27.625,25.27869987487793,43222600
2017-06-19,XLK,27.834999084472656,28.05500030517578,27.81999969482422,28.03499984741211,25.65386962890625,19858400
2017-06-20,XLK,28.024999618530273,28.040000915527344,27.809999465942383,27.809999465942383,25.447980880737305,21915400
2017-06-21,XLK,27.905000686645508,27.979999542236328,27.81999969482422,27.96500015258789,25.58982276916504,24586400
2017-06-22,XLK,28.049999237060547,28.06999969482422,27.885000228881836,27.975000381469727,25.598976135253906,17585600
2017-06-23,XLK,27.950000762939453,28.219999313354492,27.905000686645508,28.149999618530273,25.759109497070312,32847200
2017-06-26,XLK,28.299999237060547,28.360000610351562,27.969999313354492,28.0,25.621850967407227,19455800
2017-06-27,XLK,27.850000381469727,27.899999618530273,27.540000915527344,27.540000915527344,25.200918197631836,25791000
2017-06-28,XLK,27.645000457763672,27.90999984741211,27.459999084472656,27.885000228881836,25.516616821289062,25952000
2017-06-29,XLK,27.7549991607666,27.7549991607666,27.165000915527344,27.385000228881836,25.059080123901367,41946800
2017-06-30,XLK,27.5,27.545000076293945,27.334999084472656,27.360000610351562,25.03620719909668,30743800
2017-07-03,XLK,27.475000381469727,27.524999618530273,27.139999389648438,27.170000076293945,24.862342834472656,33105200
2017-07-05,XLK,27.270000457763672,27.4950008392334,27.18000030517578,27.440000534057617,25.109420776367188,29618800
2017-07-06,XLK,27.200000762939453,27.34000015258789,27.125,27.190000534057617,24.880647659301758,25514800
2017-07-07,XLK,27.290000915527344,27.594999313354492,27.270000457763672,27.5049991607666,25.16889190673828,17636400
2017-07-10,XLK,27.510000228881836,27.770000457763672,27.469999313354492,27.704999923706055,25.35190200805664,11188400
2017-07-11,XLK,27.674999237060547,27.809999465942383,27.56999969482422,27.764999389648438,25.40680694580078,13713000
2017-07-12,XLK,27.954999923706055,28.149999618530273,27.940000534057617,28.125,25.73623275756836,33103800
2017-07-13,XLK,28.165000915527344,28.280000686645508,28.114999771118164,28.18000030517578,25.786558151245117,16250200
2017-07-14,XLK,28.299999237060547,28.459999084472656,28.260000228881836,28.43000030517578,26.01532745361328,13379200
2017-07-17,XLK,28.454999923706055,28.514999389648438,28.3799991607666,28.434999465942383,26.019901275634766,19674200
2017-07-18,XLK,28.3799991607666,28.565000534057617,28.309999465942383,28.565000534057617,26.13886260986328,19840400
2017-07-19,XLK,28.610000610351562,28.735000610351562,28.584999084472656,28.709999084472656,26.271547317504883,13347200
2017-07-20,XLK,28.790000915527344,28.799999237060547,28.604999542236328,28.770000457763672,26.326452255249023,20745800
2017-07-21,XLK,28.645000457763672,28.739999771118164,28.614999771118164,28.735000610351562,26.294422149658203,11610000
2017-07-24,XLK,28.719999313354492,28.829999923706055,28.65999984741211,28.80500030517578,26.358476638793945,10756200
2017-07-25,XLK,28.71500015258789,28.809999465942383,28.625,28.75,26.308149337768555,13760600
2017-07-26,XLK,28.905000686645508,28.90999984741211,28.764999389648438,28.860000610351562,26.408809661865234,21205200
2017-07-27,XLK,29.065000534057617,29.100000381469727,28.395000457763672,28.75,26.308149337768555,46094400
2017-07-28,XLK,28.604999542236328,28.774999618530273,28.579999923706055,28.719999313354492,26.280698776245117,20586200
2017-07-31,XLK,28.764999389648438,28.829999923706055,28.549999237060547,28.579999923706055,26.1525821685791,21965600
2017-08-01,XLK,28.725000381469727,28.75,28.6200008392334,28.725000381469727,26.285268783569336,16614400
2017-08-02,XLK,29.020000457763672,29.024999618530273,28.625,28.80500030517578,26.358476638793945,25147800
2017-08-03,XLK,28.844999313354492,28.844999313354492,28.655000686645508,28.739999771118164,26.298995971679688,21375600
2017-08-04,XLK,28.799999237060547,28.895000457763672,28.739999771118164,28.80500030517578,26.358476638793945,9513800
2017-08-07,XLK,28.844999313354492,28.979999542236328,28.834999084472656,28.979999542236328,26.518613815307617,15366000
2017-08-08,XLK,28.940000534057617,29.165000915527344,28.860000610351562,28.940000534057617,26.482011795043945,20921400
2017-08-09,XLK,28.7549991607666,28.94499969482422,28.739999771118164,28.924999237060547,26.468286514282227,13945600
2017-08-10,XLK,28.770000457763672,28.799999237060547,28.34000015258789,28.354999542236328,25.946699142456055,29823800
2017-08-11,XLK,28.399999618530273,28.645000457763672,28.364999771118164,28.549999237060547,26.125139236450195,29936200
2017-08-14,XLK,28.809999465942383,29.045000076293945,28.75,29.0049991607666,26.54149055480957,19517000
2017-08-15,XLK,29.065000534057617,29.114999771118164,28.959999084472656,29.049999237060547,26.582664489746094,14105200
2017-08-16,XLK,29.094999313354492,29.239999771118164,29.040000915527344,29.135000228881836,26.660449981689453,18111800
2017-08-17,XLK,29.024999618530273,29.06999969482422,28.565000534057617,28.565000534057617,26.13886260986328,25937800
2017-08-18,XLK,28.565000534057617,28.735000610351562,28.424999237060547,28.53499984741211,26.11141014099121,33393000
2017-08-21,XLK,28.55500030517578,28.584999084472656,28.334999084472656,28.524999618530273,26.10226058959961,15957200
2017-08-22,XLK,28.674999237060547,28.969999313354492,28.655000686645508,28.950000762939453,26.491165161132812,16922400
2017-08-23,XLK,28.790000915527344,28.959999084472656,28.780000686645508,28.8799991607666,26.42710304260254,17847400
2017-08-24,XLK,28.950000762939453,28.979999542236328,28.709999084472656,28.854999542236328,26.404232025146484,16187800
2017-08-25,XLK,28.950000762939453,29.03499984741211,28.790000915527344,28.850000381469727,26.399658203125,16666200
2017-08-28,XLK,28.920000076293945,28.959999084472656,28.825000762939453,28.905000686645508,26.449981689453125,11986600
2017-08-29,XLK,28.670000076293945,29.06999969482422,28.635000228881836,29.030000686645508,26.564369201660156,17379600
2017-08-30,XLK,29.059999465942383,29.260000228881836,28.9950008392334,29.239999771118164,26.756526947021484,15308000
2017-08-31,XLK,29.309999465942383,29.46500015258789,29.274999618530273,29.415000915527344,26.916667938232422,18851600
2017-09-01,XLK,29.489999771118164,29.514999389648438,29.354999542236328,29.389999389648438,26.89379119873047,12026200
2017-09-05,XLK,29.30500030517578,29.360000610351562,28.934999465942383,29.1299991607666,26.655874252319336,23803400
2017-09-06,XLK,29.219999313354492,29.260000228881836,29.030000686645508,29.155000686645508,26.678752899169922,18227400
2017-09-07,XLK,29.25,29.315000534057617,29.145000457763672,29.2549991607666,26.770254135131836,15387600
2017-09-08,XLK,29.209999084472656,29.25,28.9950008392334,29.014999389648438,26.550640106201172,12518400
2017-09-11,XLK,29.2450008392334,29.454999923706055,29.2450008392334,29.424999237060547,26.925819396972656,14074600
2017-09-12,XLK,29.510000228881836,29.549999237060547,29.360000610351562,29.4950008392334,26.989877700805664,15723400
2017-09-13,XLK,29.459999084472656,29.46500015258789,29.34000015258789,29.454999923706055,26.953269958496094,16256600
2017-09-14,XLK,29.344999313354492,29.489999771118164,29.290000915527344,29.354999542236328,26.86176300048828,15253400
2017-09-15,XLK,29.225000381469727,29.395000457763672,29.174999237060547,29.3700008392334,26.971506118774414,26247600
2017-09-18,XLK,29.415000915527344,29.5049991607666,29.28499984741211,29.395000457763672,26.99445915222168,20824000
2017-09-19,XLK,29.440000534057617,29.584999084472656,29.364999771118164,29.524999618530273,27.113855361938477,11232200
2017-09-20,XLK,29.520000457763672,29.530000686645508,29.200000762939453,29.405000686645508,27.003650665283203,17901600
2017-09-21,XLK,29.395000457763672,29.395000457763672,29.149999618530273,29.2450008392334,26.856708526611328,16209200
2017-09-22,XLK,29.149999618530273,29.299999237060547,29.135000228881836,29.260000228881836,26.870487213134766,9649600
2017-09-25,XLK,29.165000915527344,29.165000915527344,28.78499984741211,28.915000915527344,26.553659439086914,27146200
2017-09-26,XLK,29.06999969482422,29.139999389648438,28.93000030517578,29.020000457763672,26.65009117126465,18106600
2017-09-27,XLK,29.149999618530273,29.405000686645508,29.104999542236328,29.315000534057617,26.920995712280273,15271000
2017-09-28,XLK,29.239999771118164,29.364999771118164,29.18000030517578,29.350000381469727,26.953142166137695,11178400
2017-09-29,XLK,29.399999618530273,29.575000762939453,29.364999771118164,29.549999237060547,27.136802673339844,24857400
2017-10-02,XLK,29.625,29.690000534057617,29.450000762939453,29.594999313354492,27.178129196166992,15143800
2017-10-03,XLK,29.6200008392334,29.68000030517578,29.584999084472656,29.665000915527344,27.242416381835938,12932000
2017-10-04,XLK,29.614999771118164,29.690000534057617,29.514999389648438,29.645000457763672,27.224044799804688,13299200
2017-10-05,XLK,29.735000610351562,29.934999465942383,29.719999313354492,29.93000030517578,27.485776901245117,12845400
2017-10-06,XLK,29.829999923706055,29.989999771118164,29.81999969482422,29.975000381469727,27.527101516723633,11852800
2017-10-09,XLK,30.020000457763672,30.114999771118164,30.0,30.049999237060547,27.59597396850586,13898400
2017-10-10,XLK,30.145000457763672,30.170000076293945,29.924999237060547,30.079999923706055,27.623523712158203,10945800
2017-10-11,XLK,30.040000915527344,30.190000534057617,30.040000915527344,30.18000030517578,27.715354919433594,9961800
2017-10-12,XLK,30.110000610351562,30.25,30.06999969482422,30.104999542236328,27.64647674560547,12212800
2017-10-13,XLK,30.21500015258789,30.30500030517578,30.21500015258789,30.25,27.77964210510254,11900000
2017-10-16,XLK,30.325000762939453,30.364999771118164,30.2549991607666,30.360000610351562,27.880653381347656,16612800
2017-10-17,XLK,30.350000381469727,30.360000610351562,30.260000228881836,30.360000610351562,27.880653381347656,10263400
2017-10-18,XLK,30.450000762939453,30.475000381469727,30.34000015258789,30.434999465942383,27.94952392578125,12182600
2017-10-19,XLK,30.30500030517578,30.3799991607666,30.145000457763672,30.344999313354492,27.866880416870117,13745200
2017-10-20,XLK,30.530000686645508,30.584999084472656,30.479999542236328,30.549999237060547,28.05514144897461,14814800
2017-10-23,XLK,30.600000381469727,30.625,30.3700008392334,30.405000686645508,27.921979904174805,14109800
2017-10-24,XLK,30.46500015258789,30.540000915527344,30.364999771118164,30.489999771118164,28.00004005432129,16071600
2017-10-25,XLK,30.420000076293945,30.510000228881836,30.125,30.325000762939453,27.848514556884766,18451800
2017-10-26,XLK,30.5,30.579999923706055,30.43000030517578,30.450000762939453,27.963306427001953,18872800
2017-10-27,XLK,30.940000534057617,31.354999542236328,30.940000534057617,31.270000457763672,28.71634292602539,29078400
2017-10-30,XLK,30.940000534057617,31.459999084472656,30.940000534057617,31.34000015258789,28.78062629699707,17149400
2017-10-31,XLK,31.459999084472656,31.540000915527344,31.334999084472656,31.475000381469727,28.90460205078125,20222600
2017-11-01,XLK,31.625,31.665000915527344,31.315000534057617,31.479999542236328,28.909191131591797,19101400
2017-11-02,XLK,31.479999542236328,31.524999618530273,31.2549991607666,31.4950008392334,28.922969818115234,20449200
2017-11-03,XLK,31.65999984741211,31.774999618530273,31.475000381469727,31.7450008392334,29.15255355834961,15319400
2017-11-06,XLK,31.725000381469727,31.825000762939453,31.704999923706055,31.815000534057617,29.21683692932129,12000400
2017-11-07,XLK,31.850000381469727,31.860000610351562,31.700000762939453,31.829999923706055,29.230607986450195,11551200
2017-11-08,XLK,31.829999923706055,32.0099983215332,31.7450008392334,32.005001068115234,29.391321182250977,18201000
2017-11-09,XLK,31.760000228881836,31.80500030517578,31.43000030517578,31.75,29.157140731811523,20490800
2017-11-10,XLK,31.709999084472656,31.774999618530273,31.635000228881836,31.75,29.157140731811523,11966400
2017-11-13,XLK,31.6299991607666,31.780000686645508,31.625,31.739999771118164,29.147958755493164,8600600
2017-11-14,XLK,31.645000457763672,31.709999084472656,31.5,31.674999237060547,29.088274002075195,14741600
2017-11-15,XLK,31.520000457763672,31.565000534057617,31.354999542236328,31.440000534057617,28.87245750427246,16985000
2017-11-16,XLK,31.670000076293945,31.94499969482422,31.670000076293945,31.8799991607666,29.276525497436523,15282200
2017-11-17,XLK,31.834999084472656,31.860000610351562,31.655000686645508,31.674999237060547,29.088274002075195,16604200
2017-11-20,XLK,31.75,31.81999969482422,31.704999923706055,31.795000076293945,29.198467254638672,13159800
2017-11-21,XLK,31.920000076293945,32.150001525878906,31.895000457763672,32.130001068115234,29.50611114501953,16348000
2017-11-22,XLK,32.130001068115234,32.13999938964844,32.01499938964844,32.06999969482422,29.451013565063477,24231600
2017-11-24,XLK,32.119998931884766,32.26499938964844,32.11000061035156,32.25,29.616302490234375,8678200
2017-11-27,XLK,32.19499969482422,32.290000915527344,32.13999938964844,32.25,29.616302490234375,13778200
2017-11-28,XLK,32.29999923706055,32.3849983215332,32.16999816894531,32.35499954223633,29.712732315063477,22623200
2017-11-29,XLK,32.29999923706055,32.30500030517578,31.420000076293945,31.639999389648438,29.05612564086914,67280400
2017-11-30,XLK,31.780000686645508,32.005001068115234,31.665000915527344,31.920000076293945,29.31325912475586,42095000
2017-12-01,XLK,31.725000381469727,31.915000915527344,31.295000076293945,31.7549991607666,29.16173553466797,38423600
2017-12-04,XLK,31.954999923706055,31.969999313354492,31.21500015258789,31.2450008392334,28.69338607788086,33611000
2017-12-05,XLK,31.190000534057617,31.614999771118164,31.05500030517578,31.2549991607666,28.702564239501953,27854200
2017-12-06,XLK,31.1299991607666,31.524999618530273,31.05500030517578,31.454999923706055,28.88623046875,26524200
2017-12-07,XLK,31.59000015258789,31.709999084472656,31.454999923706055,31.649999618530273,29.065309524536133,23371000
2017-12-08,XLK,31.860000610351562,31.954999923706055,31.725000381469727,31.799999237060547,29.20305824279785,20118000
2017-12-11,XLK,31.78499984741211,32.07500076293945,31.764999389648438,32.07500076293945,29.45560073852539,22843200
2017-12-12,XLK,32.05500030517578,32.18000030517578,31.934999465942383,32.064998626708984,29.4464111328125,16794000
2017-12-13,XLK,32.17499923706055,32.22999954223633,32.03499984741211,32.07500076293945,29.45560073852539,20712200
2017-12-14,XLK,32.1150016784668,32.21500015258789,32.02000045776367,32.03499984741211,29.418867111206055,21892000
2017-12-15,XLK,32.01499938964844,32.32500076293945,31.934999465942383,32.279998779296875,29.754390716552734,42610400
2017-12-18,XLK,32.5099983215332,32.599998474121094,32.45500183105469,32.564998626708984,30.017086029052734,21521600
2017-12-19,XLK,32.5,32.52000045776367,32.28499984741211,32.3650016784668,29.832738876342773,23953600
2017-12-20,XLK,32.505001068115234,32.505001068115234,32.20000076293945,32.35499954223633,29.823522567749023,17930400
2017-12-21,XLK,32.40999984741211,32.46500015258789,32.2599983215332,32.290000915527344,29.76360511779785,31883800
2017-12-22,XLK,32.23500061035156,32.29999923706055,32.185001373291016,32.27000045776367,29.74516487121582,10971000
2017-12-26,XLK,32.06999969482422,32.09000015258789,31.940000534057617,32.05500030517578,29.546985626220703,12438200
2017-12-27,XLK,32.060001373291016,32.150001525878906,32.03499984741211,32.09000015258789,29.579254150390625,10693200
2017-12-28,XLK,32.185001373291016,32.20500183105469,32.09000015258789,32.14500045776367,29.62994956970215,19316000
2017-12-29,XLK,32.165000915527344,32.17499923706055,31.950000762939453,31.975000381469727,29.473251342773438,13386400
2018-01-02,XLK,32.10499954223633,32.369998931884766,32.025001525878906,32.369998931884766,29.83734703063965,27445600
2018-01-03,XLK,32.43000030517578,32.65999984741211,32.39500045776367,32.63999938964844,30.086217880249023,22663600
2018-01-04,XLK,32.77000045776367,32.88999938964844,32.69499969482422,32.80500030517578,30.23830795288086,21493200
2018-01-05,XLK,32.974998474121094,33.18000030517578,32.90999984741211,33.150001525878906,30.556318283081055,19356000
2018-01-08,XLK,33.1349983215332,33.334999084472656,33.1150016784668,33.275001525878906,30.671539306640625,13467800
2018-01-09,XLK,33.34000015258789,33.349998474121094,33.1349983215332,33.189998626708984,30.593191146850586,21212800
2018-01-10,XLK,33.0099983215332,33.084999084472656,32.915000915527344,33.07500076293945,30.48719024658203,20815600
2018-01-11,XLK,33.150001525878906,33.224998474121094,33.06999969482422,33.209999084472656,30.61161994934082,15775600
2018-01-12,XLK,33.16999816894531,33.45000076293945,33.125,33.404998779296875,30.79136848449707,16308600
2018-01-16,XLK,33.61000061035156,33.72999954223633,33.189998626708984,33.275001525878906,30.671539306640625,36443600
2018-01-17,XLK,33.46500015258789,33.80500030517578,33.35499954223633,33.775001525878906,31.132417678833008,29376200
2018-01-18,XLK,33.775001525878906,33.92499923706055,33.744998931884766,33.834999084472656,31.18771743774414,29845800
2018-01-19,XLK,33.900001525878906,33.95500183105469,33.724998474121094,33.900001525878906,31.247644424438477,23894400
2018-01-22,XLK,33.875,34.23500061035156,33.80500030517578,34.22999954223633,31.551822662353516,18004200
2018-01-23,XLK,34.34000015258789,34.45000076293945,34.27000045776367,34.380001068115234,31.690082550048828,20460200
2018-01-24,XLK,34.470001220703125,34.529998779296875,34.0,34.1150016784668,31.445816040039062,37019000
2018-01-25,XLK,34.33000183105469,34.36000061035156,33.970001220703125,34.05500030517578,31.390512466430664,25951800
2018-01-26,XLK,34.290000915527344,34.595001220703125,34.21500015258789,34.595001220703125,31.888263702392578,20097200
2018-01-29,XLK,34.494998931884766,34.494998931884766,34.23500061035156,34.279998779296875,31.597904205322266,55179800
2018-01-30,XLK,34.0,34.16999816894531,33.880001068115234,33.970001220703125,31.31216812133789,29662400
2018-01-31,XLK,34.16999816894531,34.279998779296875,34.0,34.224998474121094,31.54720687866211,30135800
2018-02-01,XLK,34.099998474121094,34.494998931884766,34.095001220703125,34.255001068115234,31.574859619140625,32650000
2018-02-02,XLK,33.869998931884766,33.900001525878906,33.23500061035156,33.2400016784668,30.6392765045166,43929400
2018-02-05,XLK,32.8849983215332,33.5099983215332,31.834999084472656,31.850000381469727,29.358028411865234,98559600
2018-02-06,XLK,31.420000076293945,32.81999969482422,31.239999771118164,32.76499938964844,30.20144271850586,90269400
2018-02-07,XLK,32.685001373291016,33.02000045776367,32.345001220703125,32.345001220703125,29.814300537109375,47425200
2018-02-08,XLK,32.435001373291016,32.494998931884766,30.9950008392334,31.0049991607666,28.579143524169922,55628600
2018-02-09,XLK,31.5049991607666,31.9950008392334,30.485000610351562,31.764999389648438,29.279678344726562,72700400
2018-02-12,XLK,32.10499954223633,32.53499984741211,31.8700008392334,32.334999084472656,29.805086135864258,35629600
2018-02-13,XLK,32.150001525878906,32.494998931884766,32.05500030517578,32.415000915527344,29.878826141357422,19084000
2018-02-14,XLK,32.23500061035156,33.064998626708984,32.21500015258789,33.0099983215332,30.427265167236328,32117600
2018-02-15,XLK,33.32500076293945,33.63999938964844,32.935001373291016,33.63999938964844,31.007976531982422,24305000
2018-02-16,XLK,33.540000915527344,33.95000076293945,33.505001068115234,33.59000015258789,30.961902618408203,20334200
2018-02-20,XLK,33.41999816894531,33.8849983215332,33.3849983215332,33.619998931884766,30.989540100097656,33835200
2018-02-21,XLK,33.75,34.03499984741211,33.400001525878906,33.404998779296875,30.79136848449707,29102400
2018-02-22,XLK,33.52000045776367,33.75,33.349998474121094,33.44499969482422,30.828237533569336,21958800
2018-02-23,XLK,33.720001220703125,34.14500045776367,33.63999938964844,34.14500045776367,31.473464965820312,20772400
2018-02-26,XLK,34.290000915527344,34.68000030517578,34.290000915527344,34.68000030517578,31.966611862182617,21594400
2018-02-27,XLK,34.69499969482422,34.85499954223633,34.33000183105469,34.33000183105469,31.643999099731445,25581200
2018-02-28,XLK,34.525001525878906,34.66999816894531,34.08000183105469,34.084999084472656,31.418167114257812,30464000
2018-03-01,XLK,34.165000915527344,34.29499816894531,33.26499938964844,33.52000045776367,30.897371292114258,42973600
2018-03-02,XLK,33.13999938964844,33.90999984741211,33.04999923706055,33.84000015258789,31.19233512878418,38392200
2018-03-05,XLK,33.68000030517578,34.29999923706055,33.60499954223633,34.185001373291016,31.51034164428711,21777800
2018-03-06,XLK,34.380001068115234,34.42499923706055,34.11000061035156,34.2599983215332,31.579463958740234,20303800
2018-03-07,XLK,34.005001068115234,34.48500061035156,34.005001068115234,34.45000076293945,31.754594802856445,22219600
2018-03-08,XLK,34.55500030517578,34.630001068115234,34.3849983215332,34.599998474121094,31.892871856689453,15248000
2018-03-09,XLK,34.845001220703125,35.255001068115234,34.79999923706055,35.255001068115234,32.49661636352539,24685000
2018-03-12,XLK,35.36000061035156,35.505001068115234,35.26499938964844,35.3650016784668,32.5980110168457,27012400
2018-03-13,XLK,35.54499816894531,35.66999816894531,34.84000015258789,34.959999084472656,32.22470474243164,27618800
2018-03-14,XLK,35.1349983215332,35.165000915527344,34.755001068115234,34.93000030517578,32.197052001953125,27762800
2018-03-15,XLK,34.939998626708984,35.154998779296875,34.779998779296875,34.95000076293945,32.215476989746094,23002800
2018-03-16,XLK,34.900001525878906,35.025001525878906,34.7599983215332,34.80500030517578,32.18220138549805,24404600
2018-03-19,XLK,34.47999954223633,34.53499984741211,33.834999084472656,34.1150016784668,31.5441951751709,39736800
2018-03-20,XLK,34.029998779296875,34.22999954223633,33.90999984741211,34.099998474121094,31.53032684326172,18765600
2018-03-21,XLK,34.025001525878906,34.345001220703125,33.80500030517578,33.89500045776367,31.340768814086914,21867000
2018-03-22,XLK,33.48500061035156,33.68000030517578,32.994998931884766,33.02000045776367,30.531713485717773,42390200
2018-03-23,XLK,33.0,33.084999084472656,32.125,32.13999938964844,29.71802520751953,41901600
2018-03-26,XLK,32.79499816894531,33.404998779296875,32.34000015258789,33.36000061035156,30.84609031677246,50251600
2018-03-27,XLK,33.564998626708984,33.584999084472656,32.040000915527344,32.290000915527344,29.856718063354492,59497200
2018-03-28,XLK,32.21500015258789,32.60499954223633,31.885000228881836,32.07500076293945,29.657926559448242,53622000
2018-03-29,XLK,32.30500030517578,33.03499984741211,32.08000183105469,32.709999084472656,30.245073318481445,35368200
2018-04-02,XLK,32.58000183105469,32.724998474121094,31.575000762939453,31.93000030517578,29.523853302001953,52034200
2018-04-03,XLK,32.16999816894531,32.31999969482422,31.704999923706055,32.244998931884766,29.815107345581055,36101400
2018-04-04,XLK,31.655000686645508,32.78499984741211,31.584999084472656,32.69499969482422,30.231201171875,36298400
2018-04-05,XLK,32.994998931884766,33.04499816894531,32.61000061035156,32.83000183105469,30.356033325195312,32738200
2018-04-06,XLK,32.4900016784668,32.790000915527344,31.885000228881836,32.025001525878906,29.6116943359375,40477800
2018-04-09,XLK,32.2599983215332,32.904998779296875,32.23500061035156,32.275001525878906,29.842859268188477,21859400
2018-04-10,XLK,32.78499984741211,33.20500183105469,32.60499954223633,33.06999969482422,30.577943801879883,31297800
2018-04-11,XLK,32.8650016784668,33.16999816894531,32.81999969482422,32.875,30.39763832092285,17315600
2018-04-12,XLK,33.08000183105469,33.415000915527344,33.03499984741211,33.27000045776367,30.762866973876953,21256000
2018-04-13,XLK,33.5,33.51499938964844,33.0,33.15999984741211,30.66115951538086,22421600
2018-04-16,XLK,33.38999938964844,33.540000915527344,33.19499969482422,33.415000915527344,30.896947860717773,19477400
2018-04-17,XLK,33.709999084472656,34.14500045776367,33.650001525878906,34.03499984741211,31.470224380493164,30445600
2018-04-18,XLK,34.0,34.07500076293945,33.7400016784668,33.94499969482422,31.387008666992188,19764400
2018-04-19,XLK,33.72999954223633,33.76499938964844,33.45000076293945,33.56999969482422,31.04025650024414,25811600
2018-04-20,XLK,33.470001220703125,33.494998931884766,32.96500015258789,33.10499954223633,30.610307693481445,32477000
2018-04-23,XLK,33.22999954223633,33.32500076293945,32.83000183105469,32.98500061035156,30.499347686767578,37920600
2018-04-24,XLK,33.17499923706055,33.22999954223633,32.17499923706055,32.40999984741211,29.96767807006836,34847600
2018-04-25,XLK,32.459999084472656,32.525001525878906,32.0,32.415000915527344,29.972305297851562,30581600
2018-04-26,XLK,32.81999969482422,33.1349983215332,32.685001373291016,33.005001068115234,30.517845153808594,33086800
2018-04-27,XLK,33.334999084472656,33.36000061035156,32.77000045776367,32.94499969482422,30.462366104125977,26313000
2018-04-30,XLK,33.029998779296875,33.23500061035156,32.689998626708984,32.72999954223633,30.263566970825195,17372200
2018-05-01,XLK,32.685001373291016,33.15999984741211,32.60499954223633,33.13999938964844,30.642669677734375,18547800
2018-05-02,XLK,33.349998474121094,33.474998474121094,33.04499816894531,33.10499954223633,30.610307693481445,26587400
2018-05-03,XLK,32.95500183105469,33.30500030517578,32.665000915527344,33.18000030517578,30.67964744567871,31090800
2018-05-04,XLK,33.05500030517578,33.869998931884766,33.01499938964844,33.810001373291016,31.262176513671875,21682600
2018-05-07,XLK,33.970001220703125,34.20500183105469,33.915000915527344,34.04499816894531,31.479455947875977,26914800
2018-05-08,XLK,33.9900016784668,34.150001525878906,33.834999084472656,34.119998931884766,31.548824310302734,30294800
2018-05-09,XLK,34.20500183105469,34.540000915527344,34.095001220703125,34.540000915527344,31.937170028686523,28826600
2018-05-10,XLK,34.70000076293945,35.01499938964844,34.665000915527344,34.9900016784668,32.35326385498047,23132600
2018-05-11,XLK,34.95500183105469,35.07500076293945,34.82500076293945,34.939998626708984,32.30702209472656,17521200
2018-05-14,XLK,35.05500030517578,35.209999084472656,34.900001525878906,34.935001373291016,32.30240249633789,20261800
2018-05-15,XLK,34.689998626708984,34.720001220703125,34.42499923706055,34.60499954223633,31.997268676757812,28525200
2018-05-16,XLK,34.65999984741211,34.84000015258789,34.58000183105469,34.7599983215332,32.140586853027344,13361000
2018-05-17,XLK,34.6349983215332,34.869998931884766,34.439998626708984,34.58000183105469,31.97415542602539,21600200
2018-05-18,XLK,34.46500015258789,34.619998931884766,34.404998779296875,34.435001373291016,31.840084075927734,15765800
2018-05-21,XLK,34.75,34.904998779296875,34.560001373291016,34.73500061035156,32.11746597290039,22578400
2018-05-22,XLK,34.904998779296875,34.95500183105469,34.61000061035156,34.685001373291016,32.07123565673828,14782000
2018-05-23,XLK,34.400001525878906,34.939998626708984,34.39500045776367,34.939998626708984,32.30702209472656,29387600
2018-05-24,XLK,34.93000030517578,34.970001220703125,34.54999923706055,34.900001525878906,32.27003860473633,22401400
2018-05-25,XLK,34.92499923706055,35.0,34.790000915527344,34.875,32.24692916870117,18782800
2018-05-29,XLK,34.70000076293945,34.880001068115234,34.45500183105469,34.685001373291016,32.07123565673828,58660800
2018-05-30,XLK,34.86000061035156,34.98500061035156,34.7599983215332,34.939998626708984,32.30702209472656,19930400
2018-05-31,XLK,34.939998626708984,35.18000030517578,34.869998931884766,34.95000076293945,32.31626510620117,30568000
2018-06-01,XLK,35.185001373291016,35.54999923706055,35.125,35.54499816894531,32.866432189941406,25445800
2018-06-04,XLK,35.6349983215332,35.8650016784668,35.599998474121094,35.83000183105469,33.12995147705078,19866000
2018-06-05,XLK,35.91999816894531,36.02000045776367,35.81999969482422,35.95500183105469,33.245548248291016,34549600
2018-06-06,XLK,36.01499938964844,36.189998626708984,35.83000183105469,36.189998626708984,33.46282958984375,35379000
2018-06-07,XLK,36.16999816894531,36.16999816894531,35.63999938964844,35.900001525878906,33.19467544555664,39047200
2018-06-08,XLK,35.630001068115234,35.904998779296875,35.55500030517578,35.84000015258789,33.13920211791992,19809600
2018-06-11,XLK,35.86000061035156,35.994998931884766,35.779998779296875,35.880001068115234,33.176185607910156,14647000
2018-06-12,XLK,35.94499969482422,36.084999084472656,35.8849983215332,36.05500030517578,33.3380126953125,15626800
2018-06-13,XLK,36.05500030517578,36.21500015258789,35.85499954223633,35.869998931884766,33.16693878173828,29278000
2018-06-14,XLK,36.0099983215332,36.21500015258789,35.95500183105469,36.125,33.4027214050293,22654800
2018-06-15,XLK,35.869998931884766,35.915000915527344,35.64500045776367,35.86000061035156,33.275142669677734,33641200
2018-06-18,XLK,35.61000061035156,35.92499923706055,35.5,35.900001525878906,33.312255859375,16580400
2018-06-19,XLK,35.459999084472656,35.72999954223633,35.2599983215332,35.71500015258789,33.140594482421875,25913400
2018-06-20,XLK,35.79999923706055,35.959999084472656,35.75,35.790000915527344,33.21018981933594,22931200
2018-06-21,XLK,35.93000030517578,35.95000076293945,35.43000030517578,35.51499938964844,32.95501708984375,29634200
2018-06-22,XLK,35.60499954223633,35.6150016784668,35.255001068115234,35.400001525878906,32.848297119140625,31385800
2018-06-25,XLK,35.1150016784668,35.150001525878906,34.36000061035156,34.665000915527344,32.16627883911133,36055400
2018-06-26,XLK,34.775001525878906,35.03499984741211,34.689998626708984,34.80500030517578,32.29618453979492,27719000
2018-06-27,XLK,34.915000915527344,35.07500076293945,34.31999969482422,34.33000183105469,31.855426788330078,44109200
2018-06-28,XLK,34.28499984741211,34.8650016784668,34.28499984741211,34.75,32.24513626098633,35598000
2018-06-29,XLK,34.8849983215332,35.03499984741211,34.71500015258789,34.73500061035156,32.23122787475586,20019200
2018-07-02,XLK,34.435001373291016,35.05500030517578,34.3849983215332,35.04499816894531,32.51888656616211,25091200
2018-07-03,XLK,35.150001525878906,35.17499923706055,34.60499954223633,34.630001068115234,32.13380432128906,12722800
2018-07-05,XLK,34.845001220703125,35.13999938964844,34.744998931884766,35.119998931884766,32.58847427368164,27320000
2018-07-06,XLK,35.13999938964844,35.584999084472656,35.05500030517578,35.529998779296875,32.968929290771484,25603800
2018-07-09,XLK,35.720001220703125,35.810001373291016,35.53499984741211,35.79999923706055,33.219459533691406,17455200
2018-07-10,XLK,35.80500030517578,35.98500061035156,35.80500030517578,35.8849983215332,33.29833221435547,22986200
2018-07-11,XLK,35.630001068115234,35.8849983215332,35.57500076293945,35.744998931884766,33.168418884277344,25949800
2018-07-12,XLK,35.900001525878906,36.33000183105469,35.86000061035156,36.310001373291016,33.69270706176758,23706600
2018-07-13,XLK,36.314998626708984,36.36000061035156,36.150001525878906,36.27000045776367,33.655574798583984,18516800
2018-07-16,XLK,36.279998779296875,36.35499954223633,36.1150016784668,36.185001373291016,33.57672119140625,13332000
2018-07-17,XLK,35.92499923706055,36.51499938964844,35.904998779296875,36.45500183105469,33.82724380493164,14903200
2018-07-18,XLK,36.44499969482422,36.45000076293945,36.26499938964844,36.39500045776367,33.77158737182617,14164000
2018-07-19,XLK,36.30500030517578,36.44499969482422,36.20000076293945,36.26499938964844,33.65094757080078,14910000
2018-07-20,XLK,36.404998779296875,36.474998474121094,36.22999954223633,36.275001525878906,33.66022491455078,14439600
2018-07-23,XLK,36.20000076293945,36.47999954223633,36.05500030517578,36.459999084472656,33.831878662109375,25151000
2018-07-24,XLK,36.82500076293945,36.970001220703125,36.5099983215332,36.65999984741211,34.01747512817383,21557200
2018-07-25,XLK,36.66999816894531,37.119998931884766,36.6150016784668,37.119998931884766,34.44430160522461,30466200
2018-07-26,XLK,36.48500061035156,36.66999816894531,36.41999816894531,36.54999923706055,33.91539764404297,25094400
2018-07-27,XLK,36.595001220703125,36.619998931884766,35.70000076293945,35.92499923706055,33.3354606628418,63550200
2018-07-30,XLK,35.904998779296875,35.959999084472656,35.15999984741211,35.3650016784668,32.81582260131836,35695400
2018-07-31,XLK,35.474998474121094,35.689998626708984,35.26499938964844,35.459999084472656,32.90396499633789,29954000
2018-08-01,XLK,35.71500015258789,35.89500045776367,35.584999084472656,35.779998779296875,33.200889587402344,29322800
2018-08-02,XLK,35.45000076293945,36.275001525878906,35.45000076293945,36.22999954223633,33.61846923828125,26209800
2018-08-03,XLK,36.2400016784668,36.36000061035156,36.07500076293945,36.36000061035156,33.739097595214844,14491400
2018-08-06,XLK,36.345001220703125,36.57500076293945,36.2599983215332,36.55500030517578,33.920040130615234,15000400
2018-08-07,XLK,36.685001373291016,36.82500076293945,36.630001068115234,36.69499969482422,34.04996109008789,20545400
2018-08-08,XLK,36.67499923706055,36.8650016784668,36.58000183105469,36.79499816894531,34.142738342285156,14197200
2018-08-09,XLK,36.83000183105469,36.95000076293945,36.779998779296875,36.810001373291016,34.15666198730469,23446200
2018-08-10,XLK,36.53499984741211,36.689998626708984,36.40999984741211,36.51499938964844,33.882930755615234,23138400
2018-08-13,XLK,36.56999969482422,36.849998474121094,36.45500183105469,36.46500015258789,33.83653259277344,24128800
2018-08-14,XLK,36.59000015258789,36.73500061035156,36.3849983215332,36.689998626708984,34.0452995300293,18359000
2018-08-15,XLK,36.459999084472656,36.595001220703125,36.07500076293945,36.36000061035156,33.739097595214844,35584400
2018-08-16,XLK,36.63999938964844,36.7400016784668,36.439998626708984,36.52000045776367,33.88756561279297,18208800
2018-08-17,XLK,36.40999984741211,36.67499923706055,36.290000915527344,36.57500076293945,33.93860626220703,18048200
2018-08-20,XLK,36.65999984741211,36.66999816894531,36.375,36.52000045776367,33.88756561279297,21239600
2018-08-21,XLK,36.619998931884766,36.810001373291016,36.53499984741211,36.58000183105469,33.9432487487793,16004600
2018-08-22,XLK,36.470001220703125,36.744998931884766,36.415000915527344,36.689998626708984,34.0452995300293,12742400
2018-08-23,XLK,36.625,36.970001220703125,36.625,36.77000045776367,34.11954879760742,18735000
2018-08-24,XLK,36.869998931884766,37.150001525878906,36.8650016784668,37.13999938964844,34.462867736816406,13115200
2018-08-27,XLK,37.34000015258789,37.5,37.2400016784668,37.47999954223633,34.77836608886719,16415000
2018-08-28,XLK,37.55500030517578,37.630001068115234,37.439998626708984,37.54499816894531,34.83867645263672,14770400
2018-08-29,XLK,37.59000015258789,37.90999984741211,37.584999084472656,37.8849983215332,35.154170989990234,22364600
2018-08-30,XLK,37.779998779296875,38.01499938964844,37.654998779296875,37.77000045776367,35.047462463378906,21040600
2018-08-31,XLK,37.73500061035156,37.900001525878906,37.66999816894531,37.79999923706055,35.0753059387207,20537800
2018-09-04,XLK,37.625,37.709999084472656,37.400001525878906,37.654998779296875,34.94075393676758,22147600
2018-09-05,XLK,37.60499954223633,37.6349983215332,36.994998931884766,37.185001373291016,34.504634857177734,32853200
2018-09-06,XLK,37.130001068115234,37.209999084472656,36.625,36.915000915527344,34.254085540771484,27957600
2018-09-07,XLK,36.67499923706055,37.084999084472656,36.6349983215332,36.790000915527344,34.13811492919922,28462000
2018-09-10,XLK,36.92499923706055,36.974998474121094,36.70500183105469,36.904998779296875,34.24480438232422,33309000
2018-09-11,XLK,36.79999923706055,37.29999923706055,36.709999084472656,37.220001220703125,34.53711700439453,27189800
2018-09-12,XLK,37.13999938964844,37.14500045776367,36.76499938964844,37.064998626708984,34.393272399902344,32536400
2018-09-13,XLK,37.29499816894531,37.595001220703125,37.28499984741211,37.5,34.796932220458984,25454800
2018-09-14,XLK,37.53499984741211,37.6349983215332,37.29999923706055,37.470001220703125,34.76907730102539,18878400
2018-09-17,XLK,37.415000915527344,37.47999954223633,36.959999084472656,37.0,34.33296203613281,29584200
2018-09-18,XLK,36.95500183105469,37.415000915527344,36.95500183105469,37.23500061035156,34.55103302001953,19302000
2018-09-19,XLK,37.22999954223633,37.35499954223633,36.93000030517578,37.13999938964844,34.462867736816406,20870600
2018-09-20,XLK,37.36000061035156,37.619998931884766,37.244998931884766,37.58000183105469,34.871158599853516,27401800
2018-09-21,XLK,37.595001220703125,37.654998779296875,37.290000915527344,37.30500030517578,34.73335647583008,46041000
2018-09-24,XLK,37.125,37.494998931884766,36.97999954223633,37.4900016784668,34.90559768676758,34513600
2018-09-25,XLK,37.44499969482422,37.52000045776367,37.290000915527344,37.44499969482422,34.86370849609375,21101000
2018-09-26,XLK,37.48500061035156,37.650001525878906,37.2400016784668,37.30500030517578,34.73335647583008,26641200
2018-09-27,XLK,37.439998626708984,37.630001068115234,37.439998626708984,37.525001525878906,34.93819046020508,28466400
2018-09-28,XLK,37.41999816894531,37.70000076293945,37.400001525878906,37.665000915527344,35.06855392456055,23421200
2018-10-01,XLK,37.904998779296875,38.0,37.72999954223633,37.845001220703125,35.23612976074219,20668200
2018-10-02,XLK,37.79999923706055,38.064998626708984,37.68000030517578,37.849998474121094,35.24079132080078,28014000
2018-10-03,XLK,37.97999954223633,38.1349983215332,37.89500045776367,37.96500015258789,35.34786605834961,26584800
2018-10-04,XLK,37.779998779296875,37.810001373291016,37.03499984741211,37.279998779296875,34.7100830078125,46584800
2018-10-05,XLK,37.26499938964844,37.380001068115234,36.45000076293945,36.810001373291016,34.2724723815918,44577000
2018-10-08,XLK,36.6349983215332,36.75,35.97999954223633,36.39500045776367,33.8860969543457,39946000
2018-10-09,XLK,36.380001068115234,36.7400016784668,36.30500030517578,36.525001525878906,34.00712966918945,30277800
2018-10-10,XLK,36.30500030517578,36.310001373291016,34.72999954223633,34.755001068115234,32.359153747558594,88286000
2018-10-11,XLK,34.654998779296875,35.244998931884766,34.03499984741211,34.314998626708984,31.949466705322266,136539000
2018-10-12,XLK,35.28499984741211,35.529998779296875,34.724998474121094,35.415000915527344,32.97364807128906,71818800
2018-10-15,XLK,35.28499984741211,35.314998626708984,34.814998626708984,34.834999084472656,32.433631896972656,38305000
2018-10-16,XLK,35.275001525878906,36.0,35.189998626708984,35.8849983215332,33.4112434387207,41998600
2018-10-17,XLK,35.93000030517578,35.95500183105469,35.400001525878906,35.720001220703125,33.25761032104492,48329800
2018-10-18,XLK,35.560001373291016,35.584999084472656,34.810001373291016,35.02000045776367,32.60588455200195,45920600
2018-10-19,XLK,35.224998474121094,35.60499954223633,34.875,35.005001068115234,32.591915130615234,44283400
2018-10-22,XLK,35.16999816894531,35.525001525878906,34.959999084472656,35.29499816894531,32.861915588378906,31962000
2018-10-23,XLK,34.560001373291016,35.345001220703125,34.209999084472656,35.15999984741211,32.736228942871094,48132200
2018-10-24,XLK,35.06999969482422,35.154998779296875,33.54499816894531,33.584999084472656,31.269794464111328,68330800
2018-10-25,XLK,34.064998626708984,34.91999816894531,34.0099983215332,34.7400016784668,32.345191955566406,46754400
2018-10-26,XLK,33.875,34.665000915527344,33.55500030517578,34.04499816894531,31.698102951049805,85487200
2018-10-29,XLK,34.51499938964844,34.7599983215332,32.79499816894531,33.470001220703125,31.16273307800293,68110600
2018-10-30,XLK,33.439998626708984,33.96500015258789,33.154998779296875,33.845001220703125,31.51187515258789,61121600
2018-10-31,XLK,34.349998474121094,34.92499923706055,34.334999084472656,34.650001525878906,32.261390686035156,42288200
2018-11-01,XLK,34.70000076293945,35.08000183105469,34.404998779296875,35.05500030517578,32.63847351074219,31106200
2018-11-02,XLK,34.78499984741211,34.9900016784668,34.08000183105469,34.369998931884766,32.00067901611328,40426200
2018-11-05,XLK,34.349998474121094,34.404998779296875,33.84000015258789,34.334999084472656,31.96809959411621,28416400
2018-11-06,XLK,34.30500030517578,34.71500015258789,34.275001525878906,34.54999923706055,32.16827392578125,18267600
2018-11-07,XLK,34.95000076293945,35.564998626708984,34.904998779296875,35.564998626708984,33.11329650878906,32629600
2018-11-08,XLK,35.43000030517578,35.58000183105469,35.310001373291016,35.53499984741211,33.085365295410156,20819400
2018-11-09,XLK,35.22999954223633,35.2599983215332,34.625,34.91999816894531,32.51277160644531,25883600
2018-11-12,XLK,34.599998474121094,34.65999984741211,33.650001525878906,33.689998626708984,31.367565155029297,32862200
2018-11-13,XLK,33.77000045776367,34.310001373291016,33.630001068115234,33.72999954223633,31.404817581176758,31407000
2018-11-14,XLK,34.10499954223633,34.17499923706055,33.154998779296875,33.32500076293945,31.027725219726562,38993400
2018-11-15,XLK,33.380001068115234,34.2400016784668,33.185001373291016,34.15999984741211,31.80516815185547,52602200
2018-11-16,XLK,33.7599983215332,34.310001373291016,33.689998626708984,34.10499954223633,31.753955841064453,35945800
2018-11-19,XLK,33.94499969482422,33.97999954223633,32.71500015258789,32.80500030517578,30.5435733795166,38397200
2018-11-20,XLK,31.889999389648438,32.53499984741211,31.690000534057617,32.099998474121094,29.88716697692871,56129600
2018-11-21,XLK,32.53499984741211,32.665000915527344,32.20000076293945,32.334999084472656,30.10597038269043,33006600
2018-11-23,XLK,31.989999771118164,32.39500045776367,31.975000381469727,32.040000915527344,29.831302642822266,10676200
2018-11-26,XLK,32.459999084472656,32.76499938964844,32.290000915527344,32.76499938964844,30.506324768066406,25069200
2018-11-27,XLK,32.540000915527344,32.880001068115234,32.349998474121094,32.83000183105469,30.56684684753418,23076400
2018-11-28,XLK,33.15999984741211,33.97999954223633,33.03499984741211,33.97999954223633,31.63756561279297,33219200
2018-11-29,XLK,33.875,33.92499923706055,33.470001220703125,33.650001525878906,31.330312728881836,28230800
2018-11-30,XLK,33.66999816894531,33.994998931884766,33.505001068115234,33.970001220703125,31.628267288208008,33019600
2018-12-03,XLK,34.81999969482422,34.85499954223633,34.345001220703125,34.720001220703125,32.32655715942383,32463400
2018-12-04,XLK,34.474998474121094,34.54999923706055,33.32500076293945,33.404998779296875,31.102210998535156,41982200
2018-12-06,XLK,32.619998931884766,33.47999954223633,32.45500183105469,33.47999954223633,31.172035217285156,43155800
2018-12-07,XLK,33.31999969482422,33.470001220703125,32.150001525878906,32.29999923706055,30.073381423950195,39875000
2018-12-10,XLK,32.119998931884766,32.869998931884766,31.934999465942383,32.744998931884766,30.487707138061523,40895600
2018-12-11,XLK,33.255001068115234,33.31999969482422,32.52000045776367,32.78499984741211,30.524951934814453,31626200
2018-12-12,XLK,33.314998626708984,33.560001373291016,33.025001525878906,33.040000915527344,30.76236343383789,33857600
2018-12-13,XLK,33.20000076293945,33.44499969482422,32.904998779296875,33.095001220703125,30.813589096069336,25638600
2018-12-14,XLK,32.70000076293945,32.880001068115234,32.255001068115234,32.28499984741211,30.05941390991211,31032400
2018-12-17,XLK,32.165000915527344,32.3849983215332,31.344999313354492,31.600000381469727,29.4216365814209,46527000
2018-12-18,XLK,31.844999313354492,32.125,31.594999313354492,31.850000381469727,29.654401779174805,39253200
2018-12-19,XLK,31.80500030517578,32.369998931884766,30.8799991607666,31.219999313354492,29.067832946777344,67212200
2018-12-20,XLK,31.084999084472656,31.399999618530273,30.21500015258789,30.65999984741211,28.546438217163086,79003600
2018-12-21,XLK,30.53499984741211,30.90999984741211,29.469999313354492,29.600000381469727,27.67912483215332,83227400
2018-12-24,XLK,29.31999969482422,29.68000030517578,28.78499984741211,28.809999465942383,26.94039535522461,42234000
2018-12-26,XLK,29.010000228881836,30.549999237060547,28.844999313354492,30.549999237060547,28.56747817993164,58120200
2018-12-27,XLK,30.125,30.780000686645508,29.540000915527344,30.770000457763672,28.773197174072266,46877600
2018-12-28,XLK,30.9950008392334,31.209999084472656,30.434999465942383,30.700000762939453,28.70774269104004,39685800
2018-12-31,XLK,30.96500015258789,31.104999542236328,30.729999542236328,30.989999771118164,28.97892189025879,33720200
2019-01-02,XLK,30.354999542236328,31.19499969482422,30.315000534057617,31.010000228881836,28.99762535095215,30885800
2019-01-03,XLK,30.219999313354492,30.239999771118164,29.405000686645508,29.44499969482422,27.53418731689453,49893400
2019-01-04,XLK,29.985000610351562,30.8799991607666,29.889999389648438,30.75,28.754497528076172,41535600
2019-01-07,XLK,30.75,31.235000610351562,30.68000030517578,31.024999618530273,29.011648178100586,23817200
2019-01-08,XLK,31.325000762939453,31.434999465942383,30.915000915527344,31.28499984741211,29.254776000976562,26005200
2019-01-09,XLK,31.454999923706055,31.854999542236328,31.420000076293945,31.690000534057617,29.633487701416016,28044800
2019-01-10,XLK,31.440000534057617,31.844999313354492,31.295000076293945,31.829999923706055,29.764415740966797,21868200
2019-01-11,XLK,31.645000457763672,31.790000915527344,31.575000762939453,31.770000457763672,29.70830535888672,15451200
2019-01-14,XLK,31.489999771118164,31.584999084472656,31.364999771118164,31.475000381469727,29.43244743347168,14483800
2019-01-15,XLK,31.575000762939453,32.01499938964844,31.520000457763672,31.950000762939453,29.876625061035156,28654000
2019-01-16,XLK,31.985000610351562,32.17499923706055,31.920000076293945,31.979999542236328,29.904678344726562,18937000
2019-01-17,XLK,31.864999771118164,32.369998931884766,31.780000686645508,32.185001373291016,30.09636878967285,20256800
2019-01-18,XLK,32.505001068115234,32.7400016784668,32.29499816894531,32.67499923706055,30.554582595825195,27303200
2019-01-22,XLK,32.40999984741211,32.46500015258789,31.8700008392334,32.125,30.040264129638672,29985000
2019-01-23,XLK,32.2599983215332,32.5,31.875,32.23500061035156,30.143131256103516,19152200
2019-01-24,XLK,32.349998474121094,32.619998931884766,32.334999084472656,32.505001068115234,30.39560317993164,28341800
2019-01-25,XLK,32.75,33.064998626708984,32.630001068115234,32.96500015258789,30.82575798034668,20061600
2019-01-28,XLK,32.474998474121094,32.53499984741211,32.255001068115234,32.525001525878906,30.414310455322266,19324800
2019-01-29,XLK,32.59000015258789,32.595001220703125,32.125,32.17499923706055,30.08702278137207,17147800
2019-01-30,XLK,32.709999084472656,33.27000045776367,32.564998626708984,33.17499923706055,31.022123336791992,33990600
2019-01-31,XLK,33.005001068115234,33.31999969482422,32.900001525878906,33.13999938964844,30.989398956298828,36501800
2019-02-01,XLK,33.154998779296875,33.51499938964844,33.10499954223633,33.334999084472656,31.1717472076416,19475600
2019-02-04,XLK,33.380001068115234,33.875,33.35499954223633,33.869998931884766,31.672027587890625,15208600
2019-02-05,XLK,33.98500061035156,34.2400016784668,33.94499969482422,34.154998779296875,31.93853187561035,24121400
2019-02-06,XLK,34.19499969482422,34.3650016784668,34.064998626708984,34.27000045776367,32.04606628417969,20379200
2019-02-07,XLK,33.95500183105469,34.099998474121094,33.56999969482422,33.79999923706055,31.6065616607666,29264000
2019-02-08,XLK,33.494998931884766,33.994998931884766,33.474998474121094,33.994998931884766,31.788908004760742,16977600
2019-02-11,XLK,34.099998474121094,34.20500183105469,33.900001525878906,33.97999954223633,31.774879455566406,14869400
2019-02-12,XLK,34.21500015258789,34.474998474121094,34.165000915527344,34.43000030517578,32.19568634033203,19418200
2019-02-13,XLK,34.599998474121094,34.724998474121094,34.45500183105469,34.474998474121094,32.237762451171875,18241800
2019-02-14,XLK,34.345001220703125,34.65999984741211,34.31999969482422,34.53499984741211,32.29387664794922,19484000
2019-02-15,XLK,34.79499816894531,34.845001220703125,34.6150016784668,34.810001373291016,32.551029205322266,14712000
2019-02-19,XLK,34.66999816894531,34.92499923706055,34.6349983215332,34.81999969482422,32.56038284301758,16638200
2019-02-20,XLK,34.849998474121094,35.005001068115234,34.67499923706055,34.86000061035156,32.59778594970703,19704200
2019-02-21,XLK,34.775001525878906,35.01499938964844,34.65999984741211,34.875,32.611812591552734,19508200
2019-02-22,XLK,35.03499984741211,35.34000015258789,35.025001525878906,35.31999969482422,33.027923583984375,24493200
2019-02-25,XLK,35.584999084472656,35.73500061035156,35.46500015258789,35.4900016784668,33.18690490722656,40341000
2019-02-26,XLK,35.3650016784668,35.665000915527344,35.334999084472656,35.564998626708984,33.25702667236328,28268000
2019-02-27,XLK,35.43000030517578,35.57500076293945,35.165000915527344,35.529998779296875,33.224300384521484,19555000
2019-02-28,XLK,35.400001525878906,35.564998626708984,35.34000015258789,35.43000030517578,33.130794525146484,18876600
2019-03-01,XLK,35.709999084472656,35.76499938964844,35.3849983215332,35.66999816894531,33.35520935058594,24668000
2019-03-04,XLK,35.81999969482422,35.90999984741211,35.13999938964844,35.53499984741211,33.228965759277344,31653000
2019-03-05,XLK,35.51499938964844,35.560001373291016,35.31999969482422,35.43000030517578,33.130794525146484,17907600
2019-03-06,XLK,35.404998779296875,35.44499969482422,35.20000076293945,35.244998931884766,32.957801818847656,26244200
2019-03-07,XLK,35.14500045776367,35.17499923706055,34.79499816894531,34.90999984741211,32.64453887939453,36996600
2019-03-08,XLK,34.4900016784668,34.935001373291016,34.41999816894531,34.904998779296875,32.63986587524414,25781400
2019-03-11,XLK,35.029998779296875,35.689998626708984,35.029998779296875,35.654998779296875,33.34119415283203,29153800
2019-03-12,XLK,35.755001068115234,35.98500061035156,35.64500045776367,35.8650016784668,33.53756332397461,36101200
2019-03-13,XLK,36.02000045776367,36.314998626708984,36.0,36.099998474121094,33.7573127746582,35667200
2019-03-14,XLK,36.15999984741211,36.28499984741211,36.07500076293945,36.17499923706055,33.82744598388672,21313200
2019-03-15,XLK,36.185001373291016,36.65999984741211,36.15999984741211,36.494998931884766,34.236934661865234,42049000
2019-03-18,XLK,36.52000045776367,36.744998931884766,36.42499923706055,36.650001525878906,34.38235092163086,29675200
2019-03-19,XLK,36.79999923706055,36.900001525878906,36.58000183105469,36.724998474121094,34.45270919799805,32306200
2019-03-20,XLK,36.685001373291016,36.92499923706055,36.404998779296875,36.625,34.35889434814453,27408600
2019-03-21,XLK,36.630001068115234,37.625,36.625,37.54499816894531,35.221981048583984,54548200
2019-03-22,XLK,37.349998474121094,37.505001068115234,36.64500045776367,36.65999984741211,34.391727447509766,53494800
2019-03-25,XLK,36.540000915527344,36.744998931884766,36.26499938964844,36.5,34.241634368896484,43893800
2019-03-26,XLK,36.81999969482422,37.05500030517578,36.48500061035156,36.70000076293945,34.42926025390625,27930200
2019-03-27,XLK,36.755001068115234,36.89500045776367,36.16999816894531,36.4900016784668,34.23224639892578,31662400
2019-03-28,XLK,36.599998474121094,36.790000915527344,36.415000915527344,36.63999938964844,34.37296676635742,21079400
2019-03-29,XLK,36.94499969482422,37.01499938964844,36.76499938964844,37.0,34.71068572998047,28694400
2019-04-01,XLK,37.36000061035156,37.54999923706055,37.150001525878906,37.505001068115234,35.184444427490234,25181000
2019-04-02,XLK,37.53499984741211,37.685001373291016,37.41999816894531,37.6349983215332,35.306396484375,23574200
2019-04-03,XLK,37.86000061035156,38.130001068115234,37.790000915527344,37.939998626708984,35.592533111572266,27738000
2019-04-04,XLK,37.92499923706055,38.025001525878906,37.55500030517578,37.779998779296875,35.44243240356445,23006200
2019-04-05,XLK,37.904998779296875,38.0,37.84000015258789,37.959999084472656,35.611289978027344,13419600
2019-04-08,XLK,37.869998931884766,38.125,37.709999084472656,38.10499954223633,35.74732208251953,14619800
2019-04-09,XLK,37.939998626708984,38.08000183105469,37.84000015258789,37.92499923706055,35.57845687866211,26880200
2019-04-10,XLK,37.959999084472656,38.20000076293945,37.939998626708984,38.189998626708984,35.82706069946289,17234800
2019-04-11,XLK,38.27000045776367,38.279998779296875,38.060001373291016,38.13999938964844,35.7801513671875,15394600
2019-04-12,XLK,38.35499954223633,38.404998779296875,38.13999938964844,38.404998779296875,36.028751373291016,17110000
2019-04-15,XLK,38.404998779296875,38.5,38.185001373291016,38.38999938964844,36.01469802856445,19821400
2019-04-16,XLK,38.5099983215332,38.625,38.400001525878906,38.584999084472656,36.1976318359375,19218600
2019-04-17,XLK,38.83000183105469,38.849998474121094,38.61000061035156,38.79999923706055,36.399322509765625,24495800
2019-04-18,XLK,38.8849983215332,38.91999816894531,38.619998931884766,38.90999984741211,36.502506256103516,22983800
2019-04-22,XLK,38.72999954223633,39.01499938964844,38.69499969482422,39.0,36.586952209472656,16168800
2019-04-23,XLK,39.060001373291016,39.474998474121094,39.02000045776367,39.42499923706055,36.98564529418945,33385600
2019-04-24,XLK,39.45500183105469,39.619998931884766,39.380001068115234,39.439998626708984,36.99972152709961,21876600
2019-04-25,XLK,39.619998931884766,39.72999954223633,39.220001220703125,39.43000030517578,36.9903450012207,22775200
2019-04-26,XLK,39.189998626708984,39.290000915527344,38.86000061035156,39.279998779296875,36.84961700439453,22100400
2019-04-29,XLK,39.28499984741211,39.415000915527344,39.244998931884766,39.290000915527344,36.85899353027344,21226400
2019-04-30,XLK,39.27000045776367,39.40999984741211,39.04999923706055,39.35499954223633,36.919979095458984,37685800
2019-05-01,XLK,39.75,39.849998474121094,39.25,39.255001068115234,36.826168060302734,30893600
2019-05-02,XLK,39.244998931884766,39.529998779296875,38.84000015258789,39.04999923706055,36.63385009765625,49977600
2019-05-03,XLK,39.189998626708984,39.45500183105469,39.1349983215332,39.41999816894531,36.980953216552734,26576600
2019-05-06,XLK,38.47999954223633,39.18000030517578,38.33000183105469,39.1150016784668,36.69484329223633,26045000
2019-05-07,XLK,38.67499923706055,38.82500076293945,37.92499923706055,38.275001525878906,35.90680694580078,41251200
2019-05-08,XLK,38.150001525878906,38.560001373291016,38.084999084472656,38.22999954223633,35.86458206176758,27334600
2019-05-09,XLK,37.755001068115234,38.095001220703125,37.33000183105469,37.970001220703125,35.62068557739258,38601800
2019-05-10,XLK,37.724998474121094,38.2599983215332,37.18000030517578,38.09000015258789,35.73324966430664,39192400
2019-05-13,XLK,37.01499938964844,37.23500061035156,36.54999923706055,36.654998779296875,34.38703918457031,50922400
2019-05-14,XLK,36.84000015258789,37.474998474121094,36.810001373291016,37.244998931884766,34.940528869628906,36808600
2019-05-15,XLK,36.98500061035156,37.76499938964844,36.92499923706055,37.650001525878906,35.32047653198242,30097200
2019-05-16,XLK,37.67499923706055,38.27000045776367,37.625,37.994998931884766,35.64413070678711,30889400
2019-05-17,XLK,37.60499954223633,38.20000076293945,37.599998474121094,37.689998626708984,35.35799789428711,27087800
2019-05-20,XLK,37.05500030517578,37.345001220703125,36.85499954223633,37.03499984741211,34.7435302734375,29349200
2019-05-21,XLK,37.42499923706055,37.61000061035156,37.34000015258789,37.4900016784668,35.170372009277344,29682200
2019-05-22,XLK,37.244998931884766,37.52000045776367,37.224998474121094,37.29499816894531,34.98744201660156,23042200
2019-05-23,XLK,36.790000915527344,36.810001373291016,36.369998931884766,36.63999938964844,34.37296676635742,32171400
2019-05-24,XLK,36.84000015258789,37.029998779296875,36.61000061035156,36.650001525878906,34.38235092163086,23500000
2019-05-28,XLK,36.76499938964844,37.0,36.525001525878906,36.54499816894531,34.28384780883789,51545600
2019-05-29,XLK,36.275001525878906,36.505001068115234,36.084999084472656,36.33000183105469,34.0821418762207,29509600
2019-05-30,XLK,36.415000915527344,36.630001068115234,36.30500030517578,36.55500030517578,34.293216705322266,22841000
2019-05-31,XLK,36.1150016784668,36.28499984741211,35.93000030517578,35.94499969482422,33.7209587097168,24079600
2019-06-03,XLK,36.0,36.20000076293945,35.07500076293945,35.314998626708984,33.129940032958984,39407400
2019-06-04,XLK,35.76499938964844,36.494998931884766,35.584999084472656,36.494998931884766,34.236934661865234,30192400
2019-06-05,XLK,36.97999954223633,37.05500030517578,36.54999923706055,36.970001220703125,34.682552337646484,28791600
2019-06-06,XLK,37.06999969482422,37.474998474121094,36.900001525878906,37.400001525878906,35.0859489440918,23845000
2019-06-07,XLK,37.595001220703125,38.31999969482422,37.52000045776367,38.095001220703125,35.73794174194336,23984200
2019-06-10,XLK,38.369998931884766,38.845001220703125,38.369998931884766,38.48500061035156,36.10380554199219,26927600
2019-06-11,XLK,38.875,38.915000915527344,38.26499938964844,38.48500061035156,36.10380554199219,23100200
2019-06-12,XLK,38.29999923706055,38.404998779296875,38.18000030517578,38.27000045776367,35.902122497558594,15193800
2019-06-13,XLK,38.404998779296875,38.52000045776367,38.244998931884766,38.3849983215332,36.01000213623047,19734800
2019-06-14,XLK,38.03499984741211,38.17499923706055,37.8849983215332,38.04999923706055,35.69572067260742,16883400
2019-06-17,XLK,38.07500076293945,38.27000045776367,37.994998931884766,38.08000183105469,35.723873138427734,18702200
2019-06-18,XLK,38.48500061035156,38.959999084472656,38.3650016784668,38.77000045776367,36.37116622924805,32362400
2019-06-19,XLK,38.869998931884766,39.0099983215332,38.60499954223633,38.90999984741211,36.502506256103516,24742400
2019-06-20,XLK,39.47999954223633,39.61000061035156,39.150001525878906,39.47999954223633,37.03725051879883,27783800
2019-06-21,XLK,39.19499969482422,39.494998931884766,39.13999938964844,39.154998779296875,36.86214065551758,41430400
2019-06-24,XLK,39.224998474121094,39.36000061035156,39.16999816894531,39.22999954223633,36.932743072509766,16431800
2019-06-25,XLK,39.209999084472656,39.244998931884766,38.46500015258789,38.5099983215332,36.254905700683594,26245400
2019-06-26,XLK,38.8849983215332,39.20000076293945,38.875,38.92499923706055,36.645606994628906,18138400
2019-06-27,XLK,39.05500030517578,39.15999984741211,38.939998626708984,39.025001525878906,36.7397575378418,13675000
2019-06-28,XLK,39.14500045776367,39.189998626708984,38.900001525878906,39.02000045776367,36.735042572021484,35566800
2019-07-01,XLK,39.915000915527344,39.96500015258789,39.474998474121094,39.63999938964844,37.31874084472656,28553200
2019-07-02,XLK,39.619998931884766,39.77000045776367,39.529998779296875,39.744998931884766,37.41759490966797,15568400
2019-07-03,XLK,39.845001220703125,40.04999923706055,39.76499938964844,40.04999923706055,37.70472717285156,10683600
2019-07-05,XLK,39.724998474121094,40.04499816894531,39.58000183105469,39.974998474121094,37.63412094116211,11847800
2019-07-08,XLK,39.665000915527344,39.720001220703125,39.48500061035156,39.66999816894531,37.346981048583984,14919800
2019-07-09,XLK,39.46500015258789,39.84000015258789,39.404998779296875,39.810001373291016,37.47878646850586,18499600
2019-07-10,XLK,40.029998779296875,40.3650016784668,40.0,40.125,37.77534103393555,20217200
2019-07-11,XLK,40.224998474121094,40.43000030517578,40.13999938964844,40.275001525878906,37.91654968261719,22704400
2019-07-12,XLK,40.400001525878906,40.595001220703125,40.33000183105469,40.56999969482422,38.194271087646484,15506800
2019-07-15,XLK,40.68000030517578,40.755001068115234,40.59000015258789,40.70500183105469,38.32136535644531,12572000
2019-07-16,XLK,40.654998779296875,40.65999984741211,40.255001068115234,40.32500076293945,37.96361541748047,16011400
2019-07-17,XLK,40.400001525878906,40.4900016784668,40.21500015258789,40.220001220703125,37.864776611328125,13416000
2019-07-18,XLK,40.130001068115234,40.58000183105469,40.099998474121094,40.52000045776367,38.14720153808594,16044000
2019-07-19,XLK,40.92499923706055,40.939998626708984,40.29499816894531,40.345001220703125,37.982460021972656,23359400
2019-07-22,XLK,40.5,40.90999984741211,40.494998931884766,40.810001373291016,38.42021560668945,13849400
2019-07-23,XLK,41.04499816894531,41.07500076293945,40.72999954223633,41.03499984741211,38.632049560546875,11010800
2019-07-24,XLK,40.97999954223633,41.38999938964844,40.97999954223633,41.375,38.952144622802734,18514200
2019-07-25,XLK,41.28499984741211,41.28499984741211,40.98500061035156,41.20500183105469,38.7921028137207,19846800
2019-07-26,XLK,41.224998474121094,41.375,41.185001373291016,41.29499816894531,38.8768310546875,22240400
2019-07-29,XLK,41.314998626708984,41.34000015258789,40.95000076293945,41.27000045776367,38.85328674316406,16946400
2019-07-30,XLK,40.98500061035156,41.18000030517578,40.89500045776367,41.005001068115234,38.603797912597656,14728000
2019-07-31,XLK,41.224998474121094,41.27000045776367,39.959999084472656,40.3849983215332,38.02011489868164,33738600
2019-08-01,XLK,40.45500183105469,41.310001373291016,39.97999954223633,40.18000030517578,37.82710647583008,57666000
2019-08-02,XLK,39.85499954223633,39.869998931884766,39.165000915527344,39.525001525878906,37.21046829223633,44743800
2019-08-05,XLK,38.470001220703125,38.525001525878906,37.56999969482422,37.875,35.6570930480957,55653200
2019-08-06,XLK,38.3849983215332,38.64500045776367,38.064998626708984,38.505001068115234,36.25019836425781,38301600
2019-08-07,XLK,38.064998626708984,38.849998474121094,37.85499954223633,38.744998931884766,36.476139068603516,41164800
2019-08-08,XLK,39.05500030517578,39.70500183105469,38.95500183105469,39.69499969482422,37.370513916015625,31983200
2019-08-09,XLK,39.459999084472656,39.56999969482422,38.94499969482422,39.244998931884766,36.94687271118164,31145200
2019-08-12,XLK,38.974998474121094,39.119998931884766,38.54999923706055,38.72999954223633,36.46202850341797,21786800
2019-08-13,XLK,38.69499969482422,39.849998474121094,38.61000061035156,39.70000076293945,37.37522888183594,52085600
2019-08-14,XLK,38.970001220703125,39.14500045776367,38.380001068115234,38.47999954223633,36.22666931152344,47138600
2019-08-15,XLK,38.51499938964844,38.61000061035156,38.084999084472656,38.40999984741211,36.160770416259766,31324600
2019-08-16,XLK,38.80500030517578,39.220001220703125,38.75,39.13999938964844,36.848018646240234,21694000
2019-08-19,XLK,39.755001068115234,39.85499954223633,39.529998779296875,39.73500061035156,37.408172607421875,15756200
2019-08-20,XLK,39.685001373291016,39.8849983215332,39.51499938964844,39.53499984741211,37.219886779785156,16675400
2019-08-21,XLK,39.915000915527344,40.099998474121094,39.81999969482422,40.0,37.65766143798828,16802600
2019-08-22,XLK,40.10499954223633,40.19499969482422,39.54999923706055,39.904998779296875,37.568214416503906,15188200
2019-08-23,XLK,39.685001373291016,40.04999923706055,38.42499923706055,38.584999084472656,36.32552719116211,40797800
2019-08-26,XLK,39.060001373291016,39.1349983215332,38.79499816894531,39.119998931884766,36.82918167114258,20717000
2019-08-27,XLK,39.375,39.44499969482422,38.834999084472656,39.060001373291016,36.772705078125,20066000
2019-08-28,XLK,38.849998474121094,39.15999984741211,38.56999969482422,39.095001220703125,36.80564880371094,14279000
2019-08-29,XLK,39.625,39.89500045776367,39.48500061035156,39.775001525878906,37.44583511352539,16241200
2019-08-30,XLK,40.03499984741211,40.084999084472656,39.47999954223633,39.76499938964844,37.4364128112793,20150800
2019-09-03,XLK,39.435001373291016,39.78499984741211,39.13999938964844,39.279998779296875,36.979820251464844,23675000
2019-09-04,XLK,39.70500183105469,39.970001220703125,39.665000915527344,39.95000076293945,37.61058044433594,15458800
2019-09-05,XLK,40.474998474121094,40.95000076293945,40.45500183105469,40.78499984741211,38.39669418334961,20086600
2019-09-06,XLK,40.875,40.89500045776367,40.63999938964844,40.75,38.36374282836914,18300200
2019-09-09,XLK,40.939998626708984,40.959999084472656,40.22999954223633,40.44499969482422,38.076602935791016,25221400
2019-09-10,XLK,40.2599983215332,40.2599983215332,39.78499984741211,40.2400016784668,37.88361358642578,19717000
2019-09-11,XLK,40.3650016784668,40.66999816894531,40.279998779296875,40.65999984741211,38.27900695800781,18818600
2019-09-12,XLK,40.90999984741211,41.209999084472656,40.709999084472656,40.880001068115234,38.486141204833984,25542000
2019-09-13,XLK,40.814998626708984,40.814998626708984,40.53499984741211,40.58000183105469,38.203697204589844,33067200
2019-09-16,XLK,40.244998931884766,40.56999969482422,40.20500183105469,40.47999954223633,38.10955047607422,15451800
2019-09-17,XLK,40.5099983215332,40.64500045776367,40.415000915527344,40.64500045776367,38.26490020751953,15402600
2019-09-18,XLK,40.58000183105469,40.66999816894531,40.09000015258789,40.63999938964844,38.26016616821289,17261400
2019-09-19,XLK,40.76499938964844,41.09000015258789,40.67499923706055,40.72999954223633,38.34490966796875,16387000
2019-09-20,XLK,40.73500061035156,40.755001068115234,40.025001525878906,40.130001068115234,37.89775085449219,30027200
2019-09-23,XLK,40.1349983215332,40.375,40.04999923706055,40.255001068115234,38.01579666137695,15648400
2019-09-24,XLK,40.52000045776367,40.67499923706055,39.69499969482422,39.8650016784668,37.64749526977539,35448200
2019-09-25,XLK,39.810001373291016,40.45000076293945,39.44499969482422,40.34000015258789,38.096065521240234,23913200
2019-09-26,XLK,40.32500076293945,40.525001525878906,40.06999969482422,40.3849983215332,38.13856887817383,18178600
2019-09-27,XLK,40.3849983215332,40.470001220703125,39.54499816894531,39.845001220703125,37.628604888916016,25564200
2019-09-30,XLK,40.01499938964844,40.36000061035156,39.959999084472656,40.26499938964844,38.02523422241211,22002800
2019-10-01,XLK,40.44499969482422,40.71500015258789,39.875,39.88999938964844,37.67109298706055,22044600
2019-10-02,XLK,39.625,39.6349983215332,38.845001220703125,39.13999938964844,36.96281814575195,39509600
2019-10-03,XLK,39.125,39.6349983215332,38.63999938964844,39.619998931884766,37.41611862182617,34944400
2019-10-04,XLK,39.900001525878906,40.32500076293945,39.86000061035156,40.275001525878906,38.0346794128418,21876800
2019-10-07,XLK,40.13999938964844,40.439998626708984,40.07500076293945,40.10499954223633,37.8741340637207,21238800
2019-10-08,XLK,39.845001220703125,39.96500015258789,39.3650016784668,39.369998931884766,37.180030822753906,28733600
2019-10-09,XLK,39.779998779296875,40.10499954223633,39.720001220703125,39.95500183105469,37.73248291015625,20503000
2019-10-10,XLK,39.915000915527344,40.38999938964844,39.8849983215332,40.22999954223633,37.992191314697266,18796200
2019-10-11,XLK,40.724998474121094,41.14500045776367,40.65999984741211,40.78499984741211,38.516326904296875,31941200
2019-10-14,XLK,40.744998931884766,40.93000030517578,40.7400016784668,40.7599983215332,38.492713928222656,11325600
2019-10-15,XLK,40.92499923706055,41.310001373291016,40.8849983215332,41.209999084472656,38.91767120361328,16205800
2019-10-16,XLK,40.98500061035156,41.005001068115234,40.775001525878906,40.92499923706055,38.64852523803711,20066000
2019-10-17,XLK,41.064998626708984,41.18000030517578,40.630001068115234,40.845001220703125,38.57297897338867,13731800
2019-10-18,XLK,40.78499984741211,40.845001220703125,40.20000076293945,40.45500183105469,38.20466232299805,17452600
2019-10-21,XLK,40.69499969482422,40.90999984741211,40.54999923706055,40.88999938964844,38.61547088623047,12678600
2019-10-22,XLK,40.970001220703125,41.1150016784668,40.310001373291016,40.34000015258789,38.096065521240234,18916000
2019-10-23,XLK,40.21500015258789,40.380001068115234,40.130001068115234,40.375,38.129119873046875,17617000
2019-10-24,XLK,40.80500030517578,41.0,40.654998779296875,40.96500015258789,38.68629837036133,14508200
2019-10-25,XLK,40.96500015258789,41.5099983215332,40.939998626708984,41.459999084472656,39.15375900268555,16305400
2019-10-28,XLK,41.82500076293945,42.005001068115234,41.80500030517578,41.98500061035156,39.64955520629883,14459800
2019-10-29,XLK,41.95000076293945,42.025001525878906,41.59000015258789,41.60499954223633,39.29069519042969,15520800
2019-10-30,XLK,41.72999954223633,41.90999984741211,41.45000076293945,41.86000061035156,39.53152084350586,25558600
2019-10-31,XLK,41.92499923706055,41.970001220703125,41.564998626708984,41.834999084472656,39.50790023803711,22461800
2019-11-01,XLK,41.974998474121094,42.334999084472656,41.90999984741211,42.334999084472656,39.98009490966797,19841200
2019-11-04,XLK,42.65999984741211,42.685001373291016,42.46500015258789,42.55500030517578,40.1878662109375,20363200
2019-11-05,XLK,42.67499923706055,42.689998626708984,42.36000061035156,42.505001068115234,40.1406364440918,15799600
2019-11-06,XLK,42.5,42.525001525878906,42.27000045776367,42.48500061035156,40.12175369262695,17077200
2019-11-07,XLK,42.77000045776367,43.060001373291016,42.70000076293945,42.81999969482422,40.43811798095703,28085000
2019-11-08,XLK,42.709999084472656,43.060001373291016,42.540000915527344,43.060001373291016,40.664764404296875,12573000
2019-11-11,XLK,42.814998626708984,43.13999938964844,42.7599983215332,43.08000183105469,40.683658599853516,8488000
2019-11-12,XLK,43.13999938964844,43.3849983215332,43.03499984741211,43.224998474121094,40.82057571411133,16562400
2019-11-13,XLK,43.05500030517578,43.36000061035156,43.04499816894531,43.31999969482422,40.9102897644043,15372200
2019-11-14,XLK,43.150001525878906,43.30500030517578,43.029998779296875,43.27000045776367,40.86309051513672,12182600
2019-11-15,XLK,43.57500076293945,43.619998931884766,43.439998626708984,43.619998931884766,41.193599700927734,14124800
2019-11-18,XLK,43.60499954223633,43.814998626708984,43.439998626708984,43.75,41.316383361816406,13022200
2019-11-19,XLK,43.92499923706055,43.96500015258789,43.67499923706055,43.834999084472656,41.396644592285156,14087400
2019-11-20,XLK,43.73500061035156,43.8650016784668,43.2400016784668,43.56999969482422,41.146400451660156,24759800
2019-11-21,XLK,43.48500061035156,43.53499984741211,43.2599983215332,43.349998474121094,40.938636779785156,18755400
2019-11-22,XLK,43.474998474121094,43.54499816894531,43.125,43.29499816894531,40.88668441772461,11780000
2019-11-25,XLK,43.4900016784668,43.92499923706055,43.474998474121094,43.92499923706055,41.48164749145508,14739800
2019-11-26,XLK,43.95000076293945,44.07500076293945,43.880001068115234,43.96500015258789,41.5194206237793,19454400
2019-11-27,XLK,44.099998474121094,44.209999084472656,43.970001220703125,44.209999084472656,41.75080108642578,18697000
2019-11-29,XLK,44.095001220703125,44.165000915527344,44.005001068115234,44.08000183105469,41.628028869628906,11360200
2019-12-02,XLK,44.099998474121094,44.099998474121094,43.2599983215332,43.45000076293945,41.03307342529297,23167600
2019-12-03,XLK,42.76499938964844,43.095001220703125,42.58000183105469,43.064998626708984,40.66948318481445,22494400
2019-12-04,XLK,43.345001220703125,43.380001068115234,43.17499923706055,43.2400016784668,40.834754943847656,13829000
2019-12-05,XLK,43.39500045776367,43.435001373291016,43.19499969482422,43.400001525878906,40.98584747314453,15620600
2019-12-06,XLK,43.72999954223633,43.91999816894531,43.69499969482422,43.880001068115234,41.43915557861328,18407000
2019-12-09,XLK,43.80500030517578,43.94499969482422,43.650001525878906,43.650001525878906,41.221961975097656,11370200
2019-12-10,XLK,43.720001220703125,43.915000915527344,43.57500076293945,43.685001373291016,41.25499725341797,12350800
2019-12-11,XLK,43.79999923706055,44.02000045776367,43.709999084472656,43.97999954223633,41.53359603881836,9879000
2019-12-12,XLK,43.85499954223633,44.51499938964844,43.75,44.45000076293945,41.977447509765625,24189400
2019-12-13,XLK,44.404998779296875,44.845001220703125,44.31999969482422,44.744998931884766,42.25603103637695,26256200
2019-12-16,XLK,45.084999084472656,45.29999923706055,45.07500076293945,45.14500045776367,42.6337890625,19744600
2019-12-17,XLK,45.224998474121094,45.244998931884766,44.97999954223633,45.040000915527344,42.53462600708008,14919400
2019-12-18,XLK,45.095001220703125,45.209999084472656,45.02000045776367,45.03499984741211,42.529903411865234,12970200
2019-12-19,XLK,45.064998626708984,45.3650016784668,45.04999923706055,45.36000061035156,42.83681869506836,13724000
2019-12-20,XLK,45.47999954223633,45.529998779296875,45.36000061035156,45.474998474121094,43.08552932739258,23400800
2019-12-23,XLK,45.6150016784668,45.720001220703125,45.54999923706055,45.60499954223633,43.20869445800781,15530400
2019-12-24,XLK,45.685001373291016,45.685001373291016,45.51499938964844,45.619998931884766,43.22291946411133,4890800
2019-12-26,XLK,45.71500015258789,45.970001220703125,45.685001373291016,45.959999084472656,43.54505157470703,8269200
2019-12-27,XLK,46.14500045776367,46.14500045776367,45.84000015258789,45.95500183105469,43.54031753540039,19332200
2019-12-30,XLK,45.94499969482422,45.95000076293945,45.34000015258789,45.689998626708984,43.28923034667969,16491200
2019-12-31,XLK,45.53499984741211,45.8849983215332,45.474998474121094,45.834999084472656,43.42661666870117,11601800
2020-01-02,XLK,46.25,46.69499969482422,46.15999984741211,46.69499969482422,44.24143600463867,26567000
2020-01-03,XLK,46.01499938964844,46.4900016784668,46.0099983215332,46.16999816894531,43.74401092529297,30023600
2020-01-06,XLK,45.709999084472656,46.33000183105469,45.625,46.279998779296875,43.84823226928711,15630000
2020-01-07,XLK,46.36000061035156,46.4900016784668,46.189998626708984,46.2599983215332,43.829288482666016,15363600
2020-01-08,XLK,46.310001373291016,46.959999084472656,46.224998474121094,46.755001068115234,44.29829025268555,23254400
2020-01-09,XLK,47.185001373291016,47.314998626708984,46.94499969482422,47.28499984741211,44.80043029785156,15554800
2020-01-10,XLK,47.4900016784668,47.55500030517578,47.095001220703125,47.17499923706055,44.69620895385742,15330600
2020-01-13,XLK,47.38999938964844,47.81999969482422,47.3650016784668,47.76499938964844,45.255210876464844,15524400
2020-01-14,XLK,47.82500076293945,47.869998931884766,47.46500015258789,47.540000915527344,45.04203796386719,16134600
2020-01-15,XLK,47.56999969482422,47.82500076293945,47.435001373291016,47.595001220703125,45.09414291381836,14417000
2020-01-16,XLK,47.900001525878906,48.244998931884766,47.834999084472656,48.23500061035156,45.70051193237305,11543200
2020-01-17,XLK,48.459999084472656,48.60499954223633,48.20000076293945,48.560001373291016,46.00843811035156,21661000
2020-01-21,XLK,48.40999984741211,48.81999969482422,48.400001525878906,48.540000915527344,45.98948287963867,17975000
2020-01-22,XLK,48.845001220703125,49.05500030517578,48.67499923706055,48.71500015258789,46.15528869628906,15491600
2020-01-23,XLK,48.76499938964844,48.98500061035156,48.55500030517578,48.94499969482422,46.37320327758789,14956400
2020-01-24,XLK,49.30500030517578,49.415000915527344,48.54499816894531,48.71500015258789,46.15528869628906,23617400
2020-01-27,XLK,47.58000183105469,47.93000030517578,47.35499954223633,47.55500030517578,45.056243896484375,35574600
2020-01-28,XLK,47.970001220703125,48.595001220703125,47.869998931884766,48.46500015258789,45.918426513671875,31184400
2020-01-29,XLK,48.8650016784668,48.935001373291016,48.39500045776367,48.59000015258789,46.03684616088867,21126600
2020-01-30,XLK,48.56999969482422,49.05500030517578,48.275001525878906,49.0099983215332,46.43478012084961,19933600
2020-01-31,XLK,48.724998474121094,48.75,47.494998931884766,47.665000915527344,45.16046905517578,26964600
2020-02-03,XLK,47.720001220703125,48.415000915527344,47.665000915527344,48.29499816894531,45.75735855102539,25075600
2020-02-04,XLK,49.1349983215332,49.665000915527344,49.01499938964844,49.560001373291016,46.95588302612305,19097800
2020-02-05,XLK,50.375,50.400001525878906,49.4900016784668,49.849998474121094,47.230655670166016,32697000
2020-02-06,XLK,50.05500030517578,50.31999969482422,49.83000183105469,50.30500030517578,47.6617431640625,13505600
2020-02-07,XLK,50.06999969482422,50.26499938964844,49.744998931884766,49.845001220703125,47.22591781616211,16598000
2020-02-10,XLK,49.55500030517578,50.529998779296875,49.54499816894531,50.52000045776367,47.865455627441406,16347600
2020-02-11,XLK,50.904998779296875,50.95000076293945,50.20000076293945,50.349998474121094,47.70438003540039,15105800
2020-02-12,XLK,50.69499969482422,50.915000915527344,50.40999984741211,50.89500045776367,48.22074508666992,12152800
2020-02-13,XLK,50.494998931884766,51.025001525878906,50.41999816894531,50.7599983215332,48.09283447265625,14802800
2020-02-14,XLK,50.86000061035156,51.064998626708984,50.70000076293945,50.97999954223633,48.3012809753418,12392400
2020-02-18,XLK,50.56999969482422,50.900001525878906,50.51499938964844,50.790000915527344,48.12126922607422,20633200
2020-02-19,XLK,51.119998931884766,51.470001220703125,51.084999084472656,51.39500045776367,48.694480895996094,16615600
2020-02-20,XLK,51.28499984741211,51.40999984741211,50.165000915527344,50.86000061035156,48.187583923339844,26324600
2020-02-21,XLK,50.599998474121094,50.64500045776367,49.40999984741211,49.720001220703125,47.10748291015625,29899000
2020-02-24,XLK,47.334999084472656,48.35499954223633,46.900001525878906,47.665000915527344,45.16046905517578,42365200
2020-02-25,XLK,48.095001220703125,48.27000045776367,45.970001220703125,46.13999938964844,43.715599060058594,62934400
2020-02-26,XLK,46.314998626708984,47.35499954223633,46.0,46.349998474121094,43.91455078125,55759600
2020-02-27,XLK,44.83000183105469,45.779998779296875,43.81999969482422,43.849998474121094,41.545921325683594,67825800
2020-02-28,XLK,42.10499954223633,44.60499954223633,42.029998779296875,44.185001373291016,41.86332321166992,111854400
